date,diesel_tgp
2004-01-01,87.5
2004-01-02,87.5
2004-01-05,87.5
2004-01-06,87.6
2004-01-07,87.6
2004-01-08,87.6
2004-01-09,87.7
2004-01-12,87.7
2004-01-13,88.2
2004-01-14,88.2
2004-01-15,88.2
2004-01-16,88.8
2004-01-19,88.8
2004-01-20,89.1
2004-01-21,89.1
2004-01-22,89.1
2004-01-23,89.7
2004-01-26,89.7
2004-01-27,89.7
2004-01-28,89.8
2004-01-29,89.8
2004-01-30,89.7
2004-02-02,89.7
2004-02-03,89.0
2004-02-04,89.0
2004-02-05,89.0
2004-02-06,88.2
2004-02-09,88.2
2004-02-10,87.7
2004-02-11,87.7
2004-02-12,87.7
2004-02-13,87.1
2004-02-16,87.1
2004-02-17,87.0
2004-02-18,87.0
2004-02-19,87.0
2004-02-20,86.9
2004-02-23,86.9
2004-02-24,87.1
2004-02-25,87.1
2004-02-26,87.1
2004-02-27,87.5
2004-03-01,87.5
2004-03-02,87.7
2004-03-03,87.7
2004-03-04,87.7
2004-03-05,87.8
2004-03-08,87.8
2004-03-09,87.8
2004-03-10,88.0
2004-03-11,88.0
2004-03-12,88.0
2004-03-15,88.0
2004-03-16,88.2
2004-03-17,88.2
2004-03-18,88.2
2004-03-19,88.3
2004-03-22,88.3
2004-03-23,88.6
2004-03-24,88.6
2004-03-25,88.6
2004-03-26,88.4
2004-03-29,88.4
2004-03-30,88.3
2004-03-31,88.3
2004-04-01,88.3
2004-04-02,88.2
2004-04-05,88.2
2004-04-06,88.0
2004-04-07,88.0
2004-04-08,88.0
2004-04-09,88.1
2004-04-12,88.1
2004-04-13,88.1
2004-04-14,88.1
2004-04-15,90.3
2004-04-16,90.3
2004-04-19,90.3
2004-04-20,93.5
2004-04-21,93.5
2004-04-22,93.5
2004-04-23,94.2
2004-04-26,94.2
2004-04-27,94.2
2004-04-28,93.2
2004-04-29,93.2
2004-04-30,92.0
2004-05-03,92.0
2004-05-04,92.5
2004-05-05,92.5
2004-05-06,92.5
2004-05-07,93.9
2004-05-10,93.9
2004-05-11,94.9
2004-05-12,94.9
2004-05-13,94.9
2004-05-14,96.0
2004-05-17,96.0
2004-05-18,96.8
2004-05-19,96.8
2004-05-20,96.8
2004-05-21,97.6
2004-05-24,97.6
2004-05-25,97.3
2004-05-26,97.3
2004-05-27,97.3
2004-05-28,96.3
2004-05-31,96.3
2004-06-01,95.3
2004-06-02,95.3
2004-06-03,95.3
2004-06-04,94.9
2004-06-07,94.9
2004-06-08,94.9
2004-06-09,94.9
2004-06-10,94.9
2004-06-11,94.8
2004-06-14,94.8
2004-06-15,94.8
2004-06-16,94.6
2004-06-17,94.6
2004-06-18,94.5
2004-06-21,94.5
2004-06-22,95.1
2004-06-23,95.1
2004-06-24,95.1
2004-06-25,95.3
2004-06-28,95.3
2004-06-29,95.5
2004-06-30,95.5
2004-07-01,95.3
2004-07-02,94.5
2004-07-05,94.5
2004-07-06,94.2
2004-07-07,94.2
2004-07-08,94.2
2004-07-09,94.8
2004-07-12,94.9
2004-07-13,95.7
2004-07-14,95.7
2004-07-15,95.7
2004-07-16,95.8
2004-07-19,95.8
2004-07-20,95.6
2004-07-21,95.6
2004-07-22,95.6
2004-07-23,95.8
2004-07-26,95.8
2004-07-27,96.8
2004-07-28,96.9
2004-07-29,96.9
2004-07-30,98.5
2004-08-02,98.6
2004-08-03,99.7
2004-08-04,99.7
2004-08-05,99.8
2004-08-06,100.6
2004-08-09,100.6
2004-08-10,101.2
2004-08-11,101.2
2004-08-12,101.3
2004-08-13,101.6
2004-08-16,101.6
2004-08-17,101.6
2004-08-18,101.6
2004-08-19,101.6
2004-08-20,102.0
2004-08-23,102.0
2004-08-24,102.8
2004-08-25,102.8
2004-08-26,102.9
2004-08-27,103.7
2004-08-30,103.7
2004-08-31,103.5
2004-09-01,103.5
2004-09-02,103.5
2004-09-03,102.2
2004-09-06,102.2
2004-09-07,102.1
2004-09-08,102.2
2004-09-09,102.2
2004-09-10,103.0
2004-09-13,103.0
2004-09-14,104.4
2004-09-15,104.4
2004-09-16,104.4
2004-09-17,105.3
2004-09-20,105.3
2004-09-21,105.6
2004-09-22,105.7
2004-09-23,105.6
2004-09-24,106.1
2004-09-27,106.1
2004-09-28,106.4
2004-09-29,106.4
2004-09-30,106.4
2004-10-01,107.0
2004-10-04,107.1
2004-10-05,106.9
2004-10-06,106.9
2004-10-07,106.9
2004-10-08,106.0
2004-10-11,106.0
2004-10-12,105.3
2004-10-13,105.3
2004-10-14,105.4
2004-10-15,106.3
2004-10-18,106.4
2004-10-19,108.0
2004-10-20,108.0
2004-10-21,108.0
2004-10-22,109.4
2004-10-25,109.5
2004-10-26,109.8
2004-10-27,109.8
2004-10-28,109.8
2004-10-29,109.5
2004-11-01,109.5
2004-11-02,109.2
2004-11-03,109.2
2004-11-04,109.1
2004-11-05,107.4
2004-11-08,107.4
2004-11-09,106.4
2004-11-10,106.4
2004-11-11,106.4
2004-11-12,105.6
2004-11-15,105.6
2004-11-16,105.4
2004-11-17,105.3
2004-11-18,105.3
2004-11-19,104.1
2004-11-22,104.1
2004-11-23,103.3
2004-11-24,103.3
2004-11-25,103.3
2004-11-26,103.2
2004-11-29,103.2
2004-11-30,103.4
2004-12-01,103.4
2004-12-02,103.4
2004-12-03,103.1
2004-12-06,103.1
2004-12-07,102.0
2004-12-08,101.9
2004-12-09,101.9
2004-12-10,99.3
2004-12-13,99.3
2004-12-14,98.1
2004-12-15,98.1
2004-12-16,98.1
2004-12-17,98.5
2004-12-20,98.6
2004-12-21,100.0
2004-12-22,100.1
2004-12-23,100.1
2004-12-24,101.5
2004-12-27,101.5
2004-12-28,101.5
2004-12-29,101.5
2004-12-30,101.1
2004-12-31,99.8
2005-01-03,99.8
2005-01-04,99.8
2005-01-05,97.9
2005-01-06,97.8
2005-01-07,97.1
2005-01-10,97.0
2005-01-11,97.1
2005-01-12,97.1
2005-01-13,97.2
2005-01-14,98.3
2005-01-17,98.3
2005-01-18,98.8
2005-01-19,98.8
2005-01-20,98.8
2005-01-21,99.3
2005-01-24,99.4
2005-01-25,99.2
2005-01-26,99.2
2005-01-27,99.2
2005-01-28,99.8
2005-01-31,100.0
2005-02-01,100.4
2005-02-02,100.4
2005-02-03,100.4
2005-02-04,100.7
2005-02-07,100.8
2005-02-08,100.4
2005-02-09,100.4
2005-02-10,100.3
2005-02-11,99.7
2005-02-14,99.7
2005-02-15,99.7
2005-02-16,99.7
2005-02-17,99.7
2005-02-18,99.4
2005-02-21,99.6
2005-02-22,99.9
2005-02-23,99.9
2005-02-24,100.0
2005-02-25,101.5
2005-02-28,101.7
2005-03-01,103.7
2005-03-02,103.8
2005-03-03,103.8
2005-03-04,107.1
2005-03-07,107.3
2005-03-08,109.4
2005-03-09,109.4
2005-03-10,109.4
2005-03-11,110.2
2005-03-14,110.3
2005-03-15,110.4
2005-03-16,110.4
2005-03-17,110.4
2005-03-18,110.5
2005-03-21,110.7
2005-03-22,111.7
2005-03-23,111.7
2005-03-24,111.7
2005-03-25,112.9
2005-03-28,113.0
2005-03-29,113.1
2005-03-30,112.9
2005-03-31,113.1
2005-04-01,113.4
2005-04-04,113.4
2005-04-05,114.2
2005-04-06,114.2
2005-04-07,114.2
2005-04-08,116.3
2005-04-11,116.3
2005-04-12,117.1
2005-04-13,117.1
2005-04-14,117.1
2005-04-15,115.8
2005-04-18,115.8
2005-04-19,114.1
2005-04-20,114.0
2005-04-21,114.0
2005-04-22,112.5
2005-04-25,112.5
2005-04-26,112.6
2005-04-27,112.3
2005-04-28,112.3
2005-04-29,112.2
2005-05-02,112.2
2005-05-03,112.1
2005-05-04,112.0
2005-05-05,112.0
2005-05-06,110.9
2005-05-09,111.0
2005-05-10,110.3
2005-05-11,110.3
2005-05-12,110.3
2005-05-13,109.8
2005-05-16,109.9
2005-05-17,109.4
2005-05-18,109.4
2005-05-19,109.4
2005-05-20,108.5
2005-05-23,108.4
2005-05-24,107.6
2005-05-25,107.6
2005-05-26,107.6
2005-05-27,108.0
2005-05-30,108.1
2005-05-31,108.8
2005-06-01,108.8
2005-06-02,108.8
2005-06-03,110.0
2005-06-06,110.0
2005-06-07,111.6
2005-06-08,111.6
2005-06-09,111.7
2005-06-10,113.7
2005-06-13,113.8
2005-06-14,113.8
2005-06-15,115.3
2005-06-16,115.4
2005-06-17,116.3
2005-06-20,116.4
2005-06-21,117.0
2005-06-22,117.0
2005-06-23,117.0
2005-06-24,117.4
2005-06-27,117.5
2005-06-28,117.0
2005-06-29,117.0
2005-06-30,117.0
2005-07-01,116.7
2005-07-04,116.8
2005-07-05,116.9
2005-07-06,117.0
2005-07-07,117.0
2005-07-08,118.9
2005-07-11,118.9
2005-07-12,121.0
2005-07-13,121.0
2005-07-14,121.0
2005-07-15,121.7
2005-07-18,121.7
2005-07-19,120.9
2005-07-20,120.9
2005-07-21,120.9
2005-07-22,118.5
2005-07-25,118.5
2005-07-26,116.7
2005-07-27,116.7
2005-07-28,116.7
2005-07-29,115.1
2005-08-01,115.1
2005-08-02,114.6
2005-08-03,114.6
2005-08-04,114.6
2005-08-05,115.1
2005-08-08,115.3
2005-08-09,115.1
2005-08-10,115.1
2005-08-11,115.1
2005-08-12,116.2
2005-08-15,116.2
2005-08-16,117.6
2005-08-17,117.6
2005-08-18,117.7
2005-08-19,119.5
2005-08-22,119.5
2005-08-23,120.2
2005-08-24,120.4
2005-08-25,120.4
2005-08-26,120.9
2005-08-29,121.2
2005-08-30,121.3
2005-08-31,121.4
2005-09-01,121.4
2005-09-02,123.8
2005-09-05,124.0
2005-09-06,125.9
2005-09-07,126.0
2005-09-08,126.2
2005-09-09,127.0
2005-09-12,127.0
2005-09-13,126.0
2005-09-14,125.9
2005-09-15,125.7
2005-09-16,124.0
2005-09-19,124.0
2005-09-20,123.6
2005-09-21,123.6
2005-09-22,123.6
2005-09-23,124.5
2005-09-26,124.6
2005-09-27,126.1
2005-09-28,126.1
2005-09-29,126.2
2005-09-30,127.6
2005-10-03,127.7
2005-10-04,128.7
2005-10-05,128.7
2005-10-06,128.7
2005-10-07,129.5
2005-10-10,129.5
2005-10-11,129.0
2005-10-12,128.9
2005-10-13,128.8
2005-10-14,127.9
2005-10-17,127.9
2005-10-18,127.6
2005-10-19,127.6
2005-10-20,127.5
2005-10-21,126.9
2005-10-24,126.8
2005-10-25,125.8
2005-10-26,125.3
2005-10-27,125.2
2005-10-28,123.2
2005-10-31,123.1
2005-11-01,122.3
2005-11-02,122.2
2005-11-03,122.1
2005-11-04,120.7
2005-11-07,120.4
2005-11-08,119.3
2005-11-09,119.0
2005-11-10,118.9
2005-11-11,117.4
2005-11-14,117.2
2005-11-15,116.6
2005-11-16,116.6
2005-11-17,116.5
2005-11-18,116.1
2005-11-21,116.1
2005-11-22,116.8
2005-11-23,116.9
2005-11-24,116.9
2005-11-25,117.1
2005-11-28,116.8
2005-11-29,116.3
2005-11-30,116.1
2005-12-01,115.7
2005-12-02,113.7
2005-12-05,113.5
2005-12-06,112.6
2005-12-07,112.6
2005-12-08,112.6
2005-12-09,112.6
2005-12-12,112.6
2005-12-13,113.7
2005-12-14,113.7
2005-12-15,113.9
2005-12-16,115.4
2005-12-19,115.7
2005-12-20,117.3
2005-12-21,117.4
2005-12-22,117.4
2005-12-23,118.7
2005-12-26,118.7
2005-12-27,118.9
2005-12-28,118.9
2005-12-29,119.3
2005-12-30,119.6
2006-01-02,119.8
2006-01-03,119.8
2006-01-04,120.8
2006-01-05,121.0
2006-01-06,121.5
2006-01-09,121.5
2006-01-10,121.9
2006-01-11,122.0
2006-01-12,121.9
2006-01-13,122.0
2006-01-16,122.0
2006-01-17,122.0
2006-01-18,122.4
2006-01-19,122.5
2006-01-20,123.8
2006-01-23,123.9
2006-01-24,125.7
2006-01-25,126.0
2006-01-26,126.1
2006-01-27,127.3
2006-01-30,127.9
2006-01-31,128.5
2006-02-01,128.5
2006-02-02,128.5
2006-02-03,127.4
2006-02-06,127.0
2006-02-07,125.9
2006-02-08,125.9
2006-02-09,126.0
2006-02-10,125.4
2006-02-13,125.4
2006-02-14,125.8
2006-02-15,125.9
2006-02-16,126.0
2006-02-17,126.7
2006-02-20,126.9
2006-02-21,127.4
2006-02-22,127.6
2006-02-23,127.6
2006-02-24,127.5
2006-02-27,127.4
2006-02-28,127.8
2006-03-01,127.9
2006-03-02,127.9
2006-03-03,127.2
2006-03-06,127.4
2006-03-07,127.4
2006-03-08,127.8
2006-03-09,128.1
2006-03-10,128.9
2006-03-13,128.7
2006-03-14,128.9
2006-03-15,129.5
2006-03-16,129.7
2006-03-17,130.2
2006-03-20,129.9
2006-03-21,129.8
2006-03-22,129.6
2006-03-23,129.4
2006-03-24,129.0
2006-03-27,128.9
2006-03-28,128.1
2006-03-29,128.2
2006-03-30,128.4
2006-03-31,129.2
2006-04-03,129.4
2006-04-04,130.4
2006-04-05,130.6
2006-04-06,130.5
2006-04-07,131.7
2006-04-10,131.9
2006-04-11,131.8
2006-04-12,132.0
2006-04-13,132.3
2006-04-14,132.6
2006-04-17,132.6
2006-04-18,132.6
2006-04-19,132.6
2006-04-20,133.6
2006-04-21,135.8
2006-04-24,135.9
2006-04-25,137.2
2006-04-26,138.4
2006-04-27,138.6
2006-04-28,140.9
2006-05-01,140.8
2006-05-02,140.7
2006-05-03,140.5
2006-05-04,140.9
2006-05-05,140.1
2006-05-08,139.6
2006-05-09,138.2
2006-05-10,138.1
2006-05-11,138.3
2006-05-12,137.6
2006-05-15,137.7
2006-05-16,137.6
2006-05-17,137.3
2006-05-18,137.0
2006-05-19,136.8
2006-05-22,136.8
2006-05-23,136.4
2006-05-24,136.3
2006-05-25,136.7
2006-05-26,135.9
2006-05-29,135.8
2006-05-30,135.8
2006-05-31,135.8
2006-06-01,135.7
2006-06-02,135.4
2006-06-05,135.4
2006-06-06,135.3
2006-06-07,135.7
2006-06-08,135.7
2006-06-09,136.6
2006-06-12,136.1
2006-06-13,136.1
2006-06-14,136.3
2006-06-15,136.2
2006-06-16,135.8
2006-06-19,136.0
2006-06-20,135.9
2006-06-21,135.6
2006-06-22,135.3
2006-06-23,134.4
2006-06-26,134.5
2006-06-27,134.1
2006-06-28,134.0
2006-06-29,134.1
2006-06-30,133.5
2006-07-03,133.6
2006-07-04,133.9
2006-07-05,133.9
2006-07-06,133.9
2006-07-07,133.9
2006-07-10,134.1
2006-07-11,134.1
2006-07-12,133.8
2006-07-13,133.9
2006-07-14,133.5
2006-07-17,133.8
2006-07-18,134.3
2006-07-19,134.1
2006-07-20,133.9
2006-07-21,134.3
2006-07-24,134.1
2006-07-25,133.3
2006-07-26,133.4
2006-07-27,133.4
2006-07-28,132.0
2006-07-31,131.9
2006-08-01,131.6
2006-08-02,131.3
2006-08-03,131.4
2006-08-04,131.4
2006-08-07,131.6
2006-08-08,132.1
2006-08-09,132.3
2006-08-10,132.6
2006-08-11,134.0
2006-08-14,133.8
2006-08-15,134.0
2006-08-16,133.9
2006-08-17,134.0
2006-08-18,133.6
2006-08-21,133.3
2006-08-22,132.8
2006-08-23,132.8
2006-08-24,132.8
2006-08-25,132.7
2006-08-28,132.6
2006-08-29,132.8
2006-08-30,132.8
2006-08-31,132.8
2006-09-01,132.6
2006-09-04,132.6
2006-09-05,132.3
2006-09-06,132.2
2006-09-07,132.0
2006-09-08,131.1
2006-09-11,130.9
2006-09-12,129.8
2006-09-13,129.8
2006-09-14,129.6
2006-09-15,127.0
2006-09-18,126.8
2006-09-19,124.8
2006-09-20,124.5
2006-09-21,124.4
2006-09-22,122.2
2006-09-25,121.9
2006-09-26,120.7
2006-09-27,120.7
2006-09-28,120.7
2006-09-29,119.6
2006-10-02,119.7
2006-10-03,119.9
2006-10-04,119.9
2006-10-05,119.7
2006-10-06,120.1
2006-10-09,120.1
2006-10-10,120.3
2006-10-11,120.3
2006-10-12,120.1
2006-10-13,120.3
2006-10-16,120.2
2006-10-17,120.3
2006-10-18,120.3
2006-10-19,120.2
2006-10-20,119.8
2006-10-23,119.8
2006-10-24,119.0
2006-10-25,119.0
2006-10-26,119.0
2006-10-27,118.2
2006-10-30,118.2
2006-10-31,117.7
2006-11-01,117.4
2006-11-02,117.4
2006-11-03,116.2
2006-11-06,116.1
2006-11-07,115.2
2006-11-08,114.8
2006-11-09,114.9
2006-11-10,114.0
2006-11-13,114.0
2006-11-14,114.6
2006-11-15,114.6
2006-11-16,114.6
2006-11-17,115.4
2006-11-20,115.5
2006-11-21,115.7
2006-11-22,115.7
2006-11-23,115.8
2006-11-24,116.1
2006-11-27,116.0
2006-11-28,115.9
2006-11-29,115.9
2006-11-30,116.1
2006-12-01,116.2
2006-12-04,116.3
2006-12-05,116.3
2006-12-06,116.3
2006-12-07,116.1
2006-12-08,116.1
2006-12-11,116.2
2006-12-12,116.1
2006-12-13,116.1
2006-12-14,116.1
2006-12-15,116.1
2006-12-18,116.3
2006-12-19,117.9
2006-12-20,117.9
2006-12-21,117.9
2006-12-22,119.1
2006-12-25,118.9
2006-12-26,118.9
2006-12-27,118.9
2006-12-28,118.5
2006-12-29,118.2
2007-01-01,118.2
2007-01-02,118.2
2007-01-03,117.4
2007-01-04,117.2
2007-01-05,116.4
2007-01-08,116.2
2007-01-09,115.1
2007-01-10,115.1
2007-01-11,115.0
2007-01-12,114.7
2007-01-15,114.7
2007-01-16,114.6
2007-01-17,114.6
2007-01-18,114.5
2007-01-19,114.3
2007-01-22,114.3
2007-01-23,113.1
2007-01-24,113.1
2007-01-25,112.7
2007-01-26,111.8
2007-01-29,111.8
2007-01-30,111.9
2007-01-31,112.3
2007-02-01,112.2
2007-02-02,113.9
2007-02-05,114.2
2007-02-06,115.4
2007-02-07,115.5
2007-02-08,115.6
2007-02-09,116.7
2007-02-12,116.7
2007-02-13,117.0
2007-02-14,117.0
2007-02-15,116.9
2007-02-16,116.1
2007-02-19,115.8
2007-02-20,114.7
2007-02-21,114.6
2007-02-22,114.6
2007-02-23,113.2
2007-02-26,113.2
2007-02-27,113.7
2007-02-28,113.9
2007-03-01,114.2
2007-03-02,114.3
2007-03-05,114.4
2007-03-06,115.3
2007-03-07,115.5
2007-03-08,116.3
2007-03-09,116.8
2007-03-12,117.0
2007-03-13,117.2
2007-03-14,117.8
2007-03-15,118.0
2007-03-16,118.2
2007-03-19,118.3
2007-03-20,118.1
2007-03-21,117.9
2007-03-22,117.8
2007-03-23,117.3
2007-03-26,117.1
2007-03-27,116.8
2007-03-28,116.9
2007-03-29,116.9
2007-03-30,117.6
2007-04-02,117.9
2007-04-03,119.4
2007-04-04,119.6
2007-04-05,119.8
2007-04-06,120.9
2007-04-09,120.9
2007-04-10,120.9
2007-04-11,121.3
2007-04-12,121.2
2007-04-13,121.1
2007-04-16,121.1
2007-04-17,121.2
2007-04-18,121.3
2007-04-19,121.3
2007-04-20,121.2
2007-04-23,121.1
2007-04-24,120.6
2007-04-25,120.4
2007-04-26,120.4
2007-04-27,120.3
2007-04-30,120.2
2007-05-01,120.7
2007-05-02,121.0
2007-05-03,121.1
2007-05-04,121.7
2007-05-07,121.9
2007-05-08,122.1
2007-05-09,122.1
2007-05-10,122.1
2007-05-11,121.8
2007-05-14,121.7
2007-05-15,121.7
2007-05-16,121.7
2007-05-17,121.7
2007-05-18,121.7
2007-05-21,121.8
2007-05-22,122.5
2007-05-23,122.5
2007-05-24,122.5
2007-05-25,123.2
2007-05-28,123.5
2007-05-29,123.9
2007-05-30,124.1
2007-05-31,124.1
2007-06-01,124.1
2007-06-04,123.9
2007-06-05,123.1
2007-06-06,122.8
2007-06-07,122.7
2007-06-08,122.0
2007-06-11,121.8
2007-06-12,121.7
2007-06-13,121.6
2007-06-14,121.6
2007-06-15,121.8
2007-06-18,121.8
2007-06-19,122.0
2007-06-20,122.1
2007-06-21,122.2
2007-06-22,122.7
2007-06-25,122.9
2007-06-26,122.8
2007-06-27,122.8
2007-06-28,122.8
2007-06-29,122.2
2007-07-02,122.2
2007-07-03,121.8
2007-07-04,121.7
2007-07-05,121.7
2007-07-06,121.8
2007-07-09,121.9
2007-07-10,122.5
2007-07-11,122.6
2007-07-12,122.7
2007-07-13,123.6
2007-07-16,123.7
2007-07-17,124.1
2007-07-18,124.2
2007-07-19,124.2
2007-07-20,124.0
2007-07-23,124.0
2007-07-24,124.0
2007-07-25,123.9
2007-07-26,123.8
2007-07-27,122.8
2007-07-30,122.7
2007-07-31,122.3
2007-08-01,122.3
2007-08-02,122.6
2007-08-03,123.3
2007-08-06,123.5
2007-08-07,124.4
2007-08-08,124.4
2007-08-09,124.4
2007-08-10,124.0
2007-08-13,123.0
2007-08-14,122.0
2007-08-15,121.9
2007-08-16,121.8
2007-08-17,121.4
2007-08-20,121.9
2007-08-21,123.1
2007-08-22,123.0
2007-08-23,123.3
2007-08-24,124.5
2007-08-27,124.9
2007-08-28,124.8
2007-08-29,124.7
2007-08-30,124.6
2007-08-31,124.1
2007-09-03,123.9
2007-09-04,124.5
2007-09-05,124.7
2007-09-06,124.8
2007-09-07,126.2
2007-09-10,126.5
2007-09-11,127.4
2007-09-12,127.6
2007-09-13,127.8
2007-09-14,129.1
2007-09-17,129.2
2007-09-18,129.8
2007-09-19,129.9
2007-09-20,130.0
2007-09-21,130.1
2007-09-24,130.0
2007-09-25,129.5
2007-09-26,129.4
2007-09-27,129.3
2007-09-28,128.3
2007-10-01,128.1
2007-10-02,127.3
2007-10-03,127.2
2007-10-04,127.0
2007-10-05,125.7
2007-10-08,125.6
2007-10-09,125.2
2007-10-10,125.2
2007-10-11,125.0
2007-10-12,124.4
2007-10-15,124.4
2007-10-16,124.5
2007-10-17,124.5
2007-10-18,124.6
2007-10-19,125.5
2007-10-22,125.7
2007-10-23,126.8
2007-10-24,126.9
2007-10-25,127.0
2007-10-26,127.8
2007-10-29,127.8
2007-10-30,128.0
2007-10-31,128.1
2007-11-01,128.1
2007-11-02,128.5
2007-11-05,128.7
2007-11-06,129.8
2007-11-07,130.0
2007-11-08,130.2
2007-11-09,132.1
2007-11-12,132.3
2007-11-13,133.5
2007-11-14,134.1
2007-11-15,134.3
2007-11-16,135.6
2007-11-19,135.7
2007-11-20,135.9
2007-11-21,136.0
2007-11-22,136.3
2007-11-23,137.5
2007-11-26,137.7
2007-11-27,139.4
2007-11-28,139.9
2007-11-29,140.3
2007-11-30,141.5
2007-12-03,141.8
2007-12-04,141.5
2007-12-05,141.1
2007-12-06,141.0
2007-12-07,139.7
2007-12-10,139.1
2007-12-11,138.2
2007-12-12,137.9
2007-12-13,137.8
2007-12-14,137.7
2007-12-17,137.8
2007-12-18,139.0
2007-12-19,139.5
2007-12-20,139.9
2007-12-21,142.5
2007-12-24,142.7
2007-12-25,143.4
2007-12-26,143.4
2007-12-27,143.4
2007-12-28,143.3
2007-12-31,143.3
2008-01-01,143.2
2008-01-02,143.2
2008-01-03,143.1
2008-01-04,142.8
2008-01-07,142.8
2008-01-08,142.6
2008-01-09,142.5
2008-01-10,142.4
2008-01-11,141.6
2008-01-14,141.5
2008-01-15,140.3
2008-01-16,139.7
2008-01-17,139.5
2008-01-18,137.0
2008-01-21,136.9
2008-01-22,136.2
2008-01-23,135.8
2008-01-24,135.8
2008-01-25,135.4
2008-01-28,135.3
2008-01-29,135.3
2008-01-30,135.0
2008-01-31,134.9
2008-02-01,134.8
2008-02-04,134.8
2008-02-05,135.0
2008-02-06,135.1
2008-02-07,135.0
2008-02-08,134.6
2008-02-11,134.5
2008-02-12,134.1
2008-02-13,134.1
2008-02-14,134.3
2008-02-15,135.6
2008-02-18,135.9
2008-02-19,136.7
2008-02-20,137.0
2008-02-21,137.2
2008-02-22,138.9
2008-02-25,139.1
2008-02-26,140.0
2008-02-27,140.3
2008-02-28,140.3
2008-02-29,140.7
2008-03-03,140.7
2008-03-04,140.3
2008-03-05,140.2
2008-03-06,140.2
2008-03-07,140.9
2008-03-10,141.0
2008-03-11,141.7
2008-03-12,142.3
2008-03-13,143.4
2008-03-14,145.8
2008-03-17,146.3
2008-03-18,148.4
2008-03-19,148.6
2008-03-20,149.3
2008-03-21,151.1
2008-03-24,151.1
2008-03-25,151.1
2008-03-26,151.5
2008-03-27,151.2
2008-03-28,150.9
2008-03-31,150.9
2008-04-01,151.4
2008-04-02,151.4
2008-04-03,151.4
2008-04-04,152.2
2008-04-07,152.3
2008-04-08,152.8
2008-04-09,152.8
2008-04-10,153.0
2008-04-11,154.3
2008-04-14,154.7
2008-04-15,156.5
2008-04-16,156.8
2008-04-17,157.0
2008-04-18,158.6
2008-04-21,158.8
2008-04-22,159.4
2008-04-23,159.5
2008-04-24,159.5
2008-04-25,159.9
2008-04-28,159.9
2008-04-29,159.8
2008-04-30,159.8
2008-05-01,159.8
2008-05-02,159.7
2008-05-05,159.6
2008-05-06,159.1
2008-05-07,158.9
2008-05-08,158.9
2008-05-09,158.6
2008-05-12,158.6
2008-05-13,160.4
2008-05-14,161.1
2008-05-15,162.0
2008-05-16,166.3
2008-05-19,167.1
2008-05-20,169.7
2008-05-21,169.8
2008-05-22,170.0
2008-05-23,171.4
2008-05-26,171.8
2008-05-27,173.8
2008-05-28,174.1
2008-05-29,174.3
2008-05-30,175.6
2008-06-02,175.8
2008-06-03,174.8
2008-06-04,174.6
2008-06-05,174.2
2008-06-06,171.6
2008-06-09,171.3
2008-06-10,171.2
2008-06-11,171.6
2008-06-12,172.0
2008-06-13,174.4
2008-06-16,174.7
2008-06-17,177.6
2008-06-18,177.9
2008-06-19,178.1
2008-06-20,178.4
2008-06-23,178.5
2008-06-24,177.9
2008-06-25,177.8
2008-06-26,177.7
2008-06-27,177.5
2008-06-30,177.4
2008-07-01,177.6
2008-07-02,177.6
2008-07-03,177.8
2008-07-04,178.7
2008-07-07,178.9
2008-07-08,180.6
2008-07-09,181.2
2008-07-10,181.3
2008-07-11,182.2
2008-07-14,182.1
2008-07-15,181.5
2008-07-16,181.3
2008-07-17,181.0
2008-07-18,178.7
2008-07-21,178.3
2008-07-22,175.8
2008-07-23,175.5
2008-07-24,175.1
2008-07-25,170.7
2008-07-28,170.3
2008-07-29,168.2
2008-07-30,167.4
2008-07-31,167.2
2008-08-01,165.8
2008-08-04,165.2
2008-08-05,164.5
2008-08-06,164.4
2008-08-07,164.2
2008-08-08,162.2
2008-08-11,161.9
2008-08-12,160.4
2008-08-13,160.2
2008-08-14,160.1
2008-08-15,158.6
2008-08-18,158.6
2008-08-19,158.6
2008-08-20,158.6
2008-08-21,158.5
2008-08-22,157.7
2008-08-25,157.8
2008-08-26,158.2
2008-08-27,158.3
2008-08-28,158.4
2008-08-29,159.9
2008-09-01,160.3
2008-09-02,161.3
2008-09-03,161.4
2008-09-04,161.2
2008-09-05,160.4
2008-09-08,160.2
2008-09-09,159.7
2008-09-10,159.3
2008-09-11,159.2
2008-09-12,158.0
2008-09-15,158.1
2008-09-16,157.6
2008-09-17,157.3
2008-09-18,157.0
2008-09-19,155.1
2008-09-22,155.1
2008-09-23,154.8
2008-09-24,154.8
2008-09-25,154.9
2008-09-26,155.7
2008-09-29,155.9
2008-09-30,156.4
2008-10-01,156.2
2008-10-02,156.1
2008-10-03,154.8
2008-10-06,154.6
2008-10-07,152.6
2008-10-08,152.1
2008-10-09,151.8
2008-10-10,149.2
2008-10-13,149.3
2008-10-14,149.1
2008-10-15,148.9
2008-10-16,148.7
2008-10-17,147.9
2008-10-20,147.7
2008-10-21,145.3
2008-10-22,144.7
2008-10-23,144.4
2008-10-24,141.7
2008-10-27,141.5
2008-10-28,141.2
2008-10-29,141.6
2008-10-30,141.8
2008-10-31,143.1
2008-11-03,143.1
2008-11-04,142.3
2008-11-05,142.3
2008-11-06,142.2
2008-11-07,141.0
2008-11-10,140.1
2008-11-11,138.6
2008-11-12,138.3
2008-11-13,138.2
2008-11-14,136.3
2008-11-17,135.5
2008-11-18,134.3
2008-11-19,134.3
2008-11-20,134.1
2008-11-21,133.0
2008-11-24,132.5
2008-11-25,131.6
2008-11-26,131.3
2008-11-27,131.2
2008-11-28,129.9
2008-12-01,129.3
2008-12-02,128.9
2008-12-03,128.8
2008-12-04,128.5
2008-12-05,126.9
2008-12-08,126.2
2008-12-09,125.3
2008-12-10,124.8
2008-12-11,124.2
2008-12-12,122.2
2008-12-15,121.4
2008-12-16,120.0
2008-12-17,119.9
2008-12-18,119.8
2008-12-19,119.6
2008-12-22,119.5
2008-12-23,119.2
2008-12-24,119.1
2008-12-25,118.5
2008-12-26,118.5
2008-12-29,117.6
2008-12-30,115.5
2008-12-31,115.4
2009-01-01,114.3
2009-01-02,114.0
2009-01-05,112.9
2009-01-06,113.3
2009-01-07,113.3
2009-01-08,113.7
2009-01-09,115.4
2009-01-12,115.6
2009-01-13,115.9
2009-01-14,116.5
2009-01-15,116.6
2009-01-16,116.5
2009-01-19,116.5
2009-01-20,115.8
2009-01-21,115.7
2009-01-22,115.5
2009-01-23,114.5
2009-01-26,114.4
2009-01-27,114.3
2009-01-28,112.7
2009-01-29,112.4
2009-01-30,111.6
2009-02-02,111.7
2009-02-03,112.6
2009-02-04,112.7
2009-02-05,112.8
2009-02-06,113.3
2009-02-09,113.4
2009-02-10,113.5
2009-02-11,113.4
2009-02-12,113.3
2009-02-13,112.5
2009-02-16,112.4
2009-02-17,112.3
2009-02-18,112.2
2009-02-19,112.2
2009-02-20,111.9
2009-02-23,111.7
2009-02-24,110.6
2009-02-25,110.4
2009-02-26,110.3
2009-02-27,108.6
2009-03-02,108.6
2009-03-03,108.7
2009-03-04,108.8
2009-03-05,108.8
2009-03-06,108.8
2009-03-09,108.9
2009-03-10,109.0
2009-03-11,108.7
2009-03-12,108.6
2009-03-13,108.5
2009-03-16,108.4
2009-03-17,108.1
2009-03-18,107.9
2009-03-19,107.9
2009-03-20,107.3
2009-03-23,107.3
2009-03-24,107.9
2009-03-25,108.5
2009-03-26,108.7
2009-03-27,111.6
2009-03-30,111.8
2009-03-31,113.2
2009-04-01,113.6
2009-04-02,113.6
2009-04-03,113.5
2009-04-06,113.3
2009-04-07,112.3
2009-04-08,112.1
2009-04-09,112.0
2009-04-10,111.4
2009-04-13,111.4
2009-04-14,111.4
2009-04-15,111.6
2009-04-16,111.4
2009-04-17,111.2
2009-04-20,111.2
2009-04-21,111.3
2009-04-22,111.2
2009-04-23,111.0
2009-04-24,110.0
2009-04-27,109.7
2009-04-28,109.1
2009-04-29,108.7
2009-04-30,108.5
2009-05-01,107.5
2009-05-04,107.3
2009-05-05,107.2
2009-05-06,107.2
2009-05-07,107.3
2009-05-08,108.5
2009-05-11,108.6
2009-05-12,109.6
2009-05-13,109.8
2009-05-14,109.9
2009-05-15,110.6
2009-05-18,110.7
2009-05-19,110.6
2009-05-20,110.5
2009-05-21,110.4
2009-05-22,110.0
2009-05-25,110.0
2009-05-26,109.7
2009-05-27,109.7
2009-05-28,109.6
2009-05-29,109.4
2009-06-01,109.4
2009-06-02,110.2
2009-06-03,110.5
2009-06-04,110.9
2009-06-05,113.3
2009-06-08,113.5
2009-06-09,114.1
2009-06-10,115.4
2009-06-11,115.6
2009-06-12,116.7
2009-06-15,116.8
2009-06-16,117.6
2009-06-17,117.7
2009-06-18,117.9
2009-06-19,118.8
2009-06-22,119.0
2009-06-23,119.2
2009-06-24,119.1
2009-06-25,119.0
2009-06-26,118.4
2009-06-29,118.4
2009-06-30,117.9
2009-07-01,117.6
2009-07-02,117.6
2009-07-03,117.2
2009-07-06,117.1
2009-07-07,116.3
2009-07-08,116.1
2009-07-09,115.8
2009-07-10,113.6
2009-07-13,112.9
2009-07-14,111.9
2009-07-15,111.7
2009-07-16,111.6
2009-07-17,110.4
2009-07-20,110.3
2009-07-21,110.1
2009-07-22,110.2
2009-07-23,110.3
2009-07-24,111.3
2009-07-27,111.8
2009-07-28,112.7
2009-07-29,113.0
2009-07-30,113.2
2009-07-31,114.3
2009-08-03,114.3
2009-08-04,114.5
2009-08-05,114.4
2009-08-06,114.4
2009-08-07,114.8
2009-08-10,114.9
2009-08-11,116.0
2009-08-12,116.1
2009-08-13,116.4
2009-08-14,117.4
2009-08-17,117.5
2009-08-18,117.7
2009-08-19,117.5
2009-08-20,117.5
2009-08-21,117.0
2009-08-24,116.8
2009-08-25,117.0
2009-08-26,117.0
2009-08-27,117.0
2009-08-28,117.3
2009-08-31,117.3
2009-09-01,117.2
2009-09-02,117.0
2009-09-03,117.0
2009-09-04,115.9
2009-09-07,115.8
2009-09-08,114.8
2009-09-09,114.6
2009-09-10,114.4
2009-09-11,112.9
2009-09-14,112.8
2009-09-15,112.3
2009-09-16,112.1
2009-09-17,112.0
2009-09-18,111.4
2009-09-21,111.5
2009-09-22,111.5
2009-09-23,111.4
2009-09-24,111.4
2009-09-25,111.8
2009-09-28,111.8
2009-09-29,111.1
2009-09-30,110.9
2009-10-01,110.8
2009-10-02,109.4
2009-10-05,109.3
2009-10-06,109.3
2009-10-07,109.3
2009-10-08,109.4
2009-10-09,109.9
2009-10-12,109.9
2009-10-13,109.8
2009-10-14,109.7
2009-10-15,109.7
2009-10-16,110.6
2009-10-19,111.0
2009-10-20,112.2
2009-10-21,112.7
2009-10-22,113.1
2009-10-23,114.0
2009-10-26,114.4
2009-10-27,115.1
2009-10-28,115.3
2009-10-29,115.4
2009-10-30,115.9
2009-11-02,115.9
2009-11-03,115.9
2009-11-04,115.8
2009-11-05,115.8
2009-11-06,116.0
2009-11-09,116.1
2009-11-10,116.3
2009-11-11,116.2
2009-11-12,116.0
2009-11-13,115.3
2009-11-16,115.1
2009-11-17,114.2
2009-11-18,113.8
2009-11-19,113.7
2009-11-20,113.6
2009-11-23,113.7
2009-11-24,114.0
2009-11-25,114.2
2009-11-26,114.3
2009-11-27,114.4
2009-11-30,114.2
2009-12-01,114.1
2009-12-02,114.0
2009-12-03,114.2
2009-12-04,114.6
2009-12-07,114.7
2009-12-08,114.6
2009-12-09,114.7
2009-12-10,114.6
2009-12-11,114.5
2009-12-14,114.2
2009-12-15,113.6
2009-12-16,113.2
2009-12-17,112.7
2009-12-18,111.7
2009-12-21,111.7
2009-12-22,112.1
2009-12-23,112.1
2009-12-24,112.5
2009-12-25,113.6
2009-12-28,113.6
2009-12-29,113.6
2009-12-30,115.3
2009-12-31,116.2
2010-01-01,116.5
2010-01-04,116.7
2010-01-05,117.1
2010-01-06,117.5
2010-01-07,117.6
2010-01-08,118.3
2010-01-11,118.5
2010-01-12,118.8
2010-01-13,118.9
2010-01-14,118.9
2010-01-15,118.6
2010-01-18,118.2
2010-01-19,117.3
2010-01-20,116.8
2010-01-21,116.5
2010-01-22,115.3
2010-01-25,115.2
2010-01-26,115.1
2010-01-27,115.0
2010-01-28,114.7
2010-01-29,114.0
2010-02-01,113.9
2010-02-02,113.4
2010-02-03,113.3
2010-02-04,113.3
2010-02-05,114.1
2010-02-08,114.5
2010-02-09,115.1
2010-02-10,115.1
2010-02-11,115.3
2010-02-12,115.1
2010-02-15,115.0
2010-02-16,114.8
2010-02-17,114.5
2010-02-18,114.4
2010-02-19,114.6
2010-02-22,114.7
2010-02-23,115.1
2010-02-24,115.4
2010-02-25,115.7
2010-02-26,116.2
2010-03-01,116.5
2010-03-02,116.7
2010-03-03,116.9
2010-03-04,116.8
2010-03-05,116.8
2010-03-08,116.8
2010-03-09,117.0
2010-03-10,117.3
2010-03-11,117.2
2010-03-12,117.6
2010-03-15,117.7
2010-03-16,117.9
2010-03-17,117.9
2010-03-18,117.7
2010-03-19,117.6
2010-03-22,117.6
2010-03-23,117.4
2010-03-24,117.3
2010-03-25,117.3
2010-03-26,117.2
2010-03-29,117.2
2010-03-30,117.3
2010-03-31,117.5
2010-04-01,117.6
2010-04-02,117.7
2010-04-05,117.9
2010-04-06,118.1
2010-04-07,119.0
2010-04-08,120.0
2010-04-09,120.8
2010-04-12,121.1
2010-04-13,121.8
2010-04-14,121.9
2010-04-15,121.9
2010-04-16,121.8
2010-04-19,121.7
2010-04-20,121.7
2010-04-21,121.6
2010-04-22,121.5
2010-04-23,121.3
2010-04-26,121.4
2010-04-27,121.4
2010-04-28,121.8
2010-04-29,122.0
2010-04-30,122.6
2010-05-03,122.8
2010-05-04,123.4
2010-05-05,123.6
2010-05-06,124.0
2010-05-07,124.7
2010-05-10,124.7
2010-05-11,124.5
2010-05-12,124.4
2010-05-13,124.0
2010-05-14,123.4
2010-05-17,123.1
2010-05-18,122.8
2010-05-19,122.5
2010-05-20,122.3
2010-05-21,121.4
2010-05-24,121.1
2010-05-25,120.7
2010-05-26,120.5
2010-05-27,120.3
2010-05-28,120.2
2010-05-31,120.1
2010-06-01,120.0
2010-06-02,120.1
2010-06-03,120.2
2010-06-04,120.8
2010-06-07,120.9
2010-06-08,121.6
2010-06-09,121.7
2010-06-10,121.9
2010-06-11,122.2
2010-06-14,122.2
2010-06-15,122.2
2010-06-16,122.2
2010-06-17,122.1
2010-06-18,121.8
2010-06-21,121.9
2010-06-22,122.4
2010-06-23,122.5
2010-06-24,122.7
2010-06-25,123.2
2010-06-28,123.1
2010-06-29,122.6
2010-06-30,122.4
2010-07-01,122.3
2010-07-02,121.7
2010-07-05,121.5
2010-07-06,121.0
2010-07-07,120.7
2010-07-08,120.6
2010-07-09,119.6
2010-07-12,119.5
2010-07-13,119.0
2010-07-14,119.0
2010-07-15,118.8
2010-07-16,118.9
2010-07-19,118.9
2010-07-20,119.0
2010-07-21,119.1
2010-07-22,119.2
2010-07-23,119.5
2010-07-26,119.5
2010-07-27,119.7
2010-07-28,119.7
2010-07-29,119.7
2010-07-30,119.5
2010-08-02,119.4
2010-08-03,119.2
2010-08-04,119.2
2010-08-05,119.3
2010-08-06,120.0
2010-08-09,120.2
2010-08-10,120.9
2010-08-11,121.1
2010-08-12,121.1
2010-08-13,120.8
2010-08-16,120.6
2010-08-17,119.7
2010-08-18,119.3
2010-08-19,119.1
2010-08-20,118.5
2010-08-23,118.3
2010-08-24,118.2
2010-08-25,118.1
2010-08-26,118.0
2010-08-27,117.8
2010-08-30,117.8
2010-08-31,117.8
2010-09-01,117.9
2010-09-02,117.9
2010-09-03,118.1
2010-09-06,118.1
2010-09-07,118.0
2010-09-08,117.9
2010-09-09,117.8
2010-09-10,117.5
2010-09-13,117.4
2010-09-14,117.2
2010-09-15,117.2
2010-09-16,117.2
2010-09-17,117.1
2010-09-20,117.1
2010-09-21,117.0
2010-09-22,117.0
2010-09-23,117.0
2010-09-24,116.7
2010-09-27,116.5
2010-09-28,116.2
2010-09-29,116.1
2010-09-30,115.8
2010-10-01,115.4
2010-10-04,115.5
2010-10-05,116.1
2010-10-06,116.4
2010-10-07,116.7
2010-10-08,118.0
2010-10-11,118.4
2010-10-12,118.6
2010-10-13,118.6
2010-10-14,118.5
2010-10-15,118.2
2010-10-18,118.2
2010-10-19,118.1
2010-10-20,117.9
2010-10-21,117.9
2010-10-22,117.6
2010-10-25,117.6
2010-10-26,117.4
2010-10-27,117.4
2010-10-28,117.4
2010-10-29,117.5
2010-11-01,117.5
2010-11-02,117.6
2010-11-03,117.6
2010-11-04,117.6
2010-11-05,117.6
2010-11-08,117.7
2010-11-09,117.8
2010-11-10,117.9
2010-11-11,118.1
2010-11-12,119.1
2010-11-15,119.6
2010-11-16,120.2
2010-11-17,120.6
2010-11-18,120.8
2010-11-19,121.2
2010-11-22,121.1
2010-11-23,120.5
2010-11-24,120.2
2010-11-25,120.0
2010-11-26,119.3
2010-11-29,119.3
2010-11-30,119.5
2010-12-01,119.8
2010-12-02,120.2
2010-12-03,121.4
2010-12-06,121.8
2010-12-07,122.7
2010-12-08,123.1
2010-12-09,123.3
2010-12-10,123.5
2010-12-13,123.9
2010-12-14,124.3
2010-12-15,124.3
2010-12-16,124.3
2010-12-17,124.0
2010-12-20,124.0
2010-12-21,123.9
2010-12-22,123.8
2010-12-23,123.8
2010-12-24,124.0
2010-12-27,124.0
2010-12-28,124.0
2010-12-29,124.2
2010-12-30,124.5
2010-12-31,124.6
2011-01-03,124.7
2011-01-04,124.6
2011-01-05,124.1
2011-01-06,124.0
2011-01-07,124.0
2011-01-10,124.1
2011-01-11,124.5
2011-01-12,124.8
2011-01-13,125.1
2011-01-14,126.1
2011-01-17,126.5
2011-01-18,127.3
2011-01-19,127.6
2011-01-20,128.0
2011-01-21,128.7
2011-01-24,128.7
2011-01-25,128.9
2011-01-26,128.9
2011-01-27,128.9
2011-01-28,128.7
2011-01-31,128.7
2011-02-01,128.7
2011-02-02,128.8
2011-02-03,129.0
2011-02-04,129.6
2011-02-07,129.8
2011-02-08,130.0
2011-02-09,130.1
2011-02-10,130.1
2011-02-11,130.3
2011-02-14,130.5
2011-02-15,130.9
2011-02-16,131.3
2011-02-17,131.6
2011-02-18,132.4
2011-02-21,132.6
2011-02-22,132.7
2011-02-23,132.8
2011-02-24,132.9
2011-02-25,133.4
2011-02-28,134.5
2011-03-01,135.3
2011-03-02,136.4
2011-03-03,136.8
2011-03-04,138.4
2011-03-07,138.6
2011-03-08,139.5
2011-03-09,139.9
2011-03-10,140.3
2011-03-11,141.0
2011-03-14,141.4
2011-03-15,141.6
2011-03-16,141.9
2011-03-17,142.0
2011-03-18,142.6
2011-03-21,143.1
2011-03-22,144.3
2011-03-23,144.8
2011-03-24,145.1
2011-03-25,145.6
2011-03-28,145.9
2011-03-29,145.4
2011-03-30,145.0
2011-03-31,144.6
2011-04-01,143.8
2011-04-04,143.5
2011-04-05,143.2
2011-04-06,143.3
2011-04-07,143.6
2011-04-08,144.5
2011-04-11,144.7
2011-04-12,145.3
2011-04-13,145.6
2011-04-14,145.6
2011-04-15,145.5
2011-04-18,145.4
2011-04-19,144.9
2011-04-20,144.5
2011-04-21,144.2
2011-04-22,143.7
2011-04-25,143.7
2011-04-26,143.7
2011-04-27,143.4
2011-04-28,142.9
2011-04-29,142.6
2011-05-02,142.4
2011-05-03,141.6
2011-05-04,141.4
2011-05-05,141.3
2011-05-06,141.0
2011-05-09,140.9
2011-05-10,139.0
2011-05-11,138.2
2011-05-12,137.5
2011-05-13,135.6
2011-05-16,134.9
2011-05-17,134.1
2011-05-18,133.9
2011-05-19,134.0
2011-05-20,133.7
2011-05-23,133.8
2011-05-24,133.6
2011-05-25,133.5
2011-05-26,133.4
2011-05-27,133.2
2011-05-30,133.4
2011-05-31,133.9
2011-06-01,134.0
2011-06-02,134.2
2011-06-03,135.0
2011-06-06,135.1
2011-06-07,135.2
2011-06-08,135.4
2011-06-09,135.4
2011-06-10,135.6
2011-06-13,135.8
2011-06-14,136.1
2011-06-15,137.1
2011-06-16,137.4
2011-06-17,138.0
2011-06-20,138.0
2011-06-21,137.4
2011-06-22,137.0
2011-06-23,136.6
2011-06-24,135.3
2011-06-27,134.9
2011-06-28,133.8
2011-06-29,133.4
2011-06-30,133.0
2011-07-01,132.3
2011-07-04,132.2
2011-07-05,132.1
2011-07-06,132.1
2011-07-07,132.2
2011-07-08,132.5
2011-07-11,132.7
2011-07-12,133.4
2011-07-13,133.8
2011-07-14,134.2
2011-07-15,135.6
2011-07-18,135.9
2011-07-19,136.7
2011-07-20,136.9
2011-07-21,137.0
2011-07-22,137.2
2011-07-25,137.2
2011-07-26,137.2
2011-07-27,137.1
2011-07-28,137.0
2011-07-29,136.4
2011-08-01,136.1
2011-08-02,135.6
2011-08-03,135.6
2011-08-04,135.4
2011-08-05,135.5
2011-08-08,135.5
2011-08-09,135.5
2011-08-10,135.3
2011-08-11,135.4
2011-08-12,134.7
2011-08-15,134.7
2011-08-16,134.8
2011-08-17,134.8
2011-08-18,134.8
2011-08-19,135.0
2011-08-22,134.9
2011-08-23,134.6
2011-08-24,134.5
2011-08-25,134.5
2011-08-26,134.2
2011-08-29,134.3
2011-08-30,134.5
2011-08-31,134.6
2011-09-01,134.6
2011-09-02,134.8
2011-09-05,135.0
2011-09-06,135.2
2011-09-07,135.1
2011-09-08,135.2
2011-09-09,135.4
2011-09-12,135.5
2011-09-13,135.6
2011-09-14,135.6
2011-09-15,135.7
2011-09-16,135.8
2011-09-19,135.9
2011-09-20,136.3
2011-09-21,136.6
2011-09-22,136.7
2011-09-23,137.2
2011-09-26,137.2
2011-09-27,137.3
2011-09-28,137.1
2011-09-29,137.0
2011-09-30,136.9
2011-10-03,137.2
2011-10-04,137.4
2011-10-05,137.7
2011-10-06,137.7
2011-10-07,137.9
2011-10-10,137.9
2011-10-11,137.8
2011-10-12,137.6
2011-10-13,137.4
2011-10-14,137.0
2011-10-17,136.7
2011-10-18,136.3
2011-10-19,136.3
2011-10-20,136.3
2011-10-21,136.3
2011-10-24,136.4
2011-10-25,136.6
2011-10-26,136.7
2011-10-27,136.8
2011-10-28,136.9
2011-10-31,137.0
2011-11-01,137.1
2011-11-02,136.9
2011-11-03,136.8
2011-11-04,136.8
2011-11-07,136.7
2011-11-08,137.1
2011-11-09,137.4
2011-11-10,138.0
2011-11-11,139.1
2011-11-14,140.0
2011-11-15,141.0
2011-11-16,141.6
2011-11-17,141.9
2011-11-18,142.8
2011-11-21,143.0
2011-11-22,143.1
2011-11-23,143.1
2011-11-24,143.0
2011-11-25,142.9
2011-11-28,142.9
2011-11-29,142.9
2011-11-30,143.0
2011-12-01,142.9
2011-12-02,142.7
2011-12-05,142.4
2011-12-06,141.5
2011-12-07,141.0
2011-12-08,140.6
2011-12-09,139.9
2011-12-12,139.7
2011-12-13,139.5
2011-12-14,139.3
2011-12-15,139.2
2011-12-16,139.0
2011-12-19,138.9
2011-12-20,138.6
2011-12-21,138.3
2011-12-22,138.2
2011-12-23,137.6
2011-12-26,137.6
2011-12-27,137.6
2011-12-28,137.6
2011-12-29,137.6
2011-12-30,137.6
2012-01-02,137.7
2012-01-03,137.7
2012-01-04,137.5
2012-01-05,137.3
2012-01-06,137.6
2012-01-09,137.8
2012-01-10,138.6
2012-01-11,138.8
2012-01-12,139.2
2012-01-13,140.1
2012-01-16,140.5
2012-01-17,140.5
2012-01-18,140.5
2012-01-19,140.5
2012-01-20,140.1
2012-01-23,139.8
2012-01-24,139.3
2012-01-25,138.9
2012-01-26,138.8
2012-01-27,138.3
2012-01-30,138.0
2012-01-31,137.1
2012-02-01,136.8
2012-02-02,136.6
2012-02-03,136.5
2012-02-06,136.3
2012-02-07,136.3
2012-02-08,136.3
2012-02-09,136.4
2012-02-10,136.8
2012-02-13,137.1
2012-02-14,137.6
2012-02-15,137.9
2012-02-16,138.0
2012-02-17,138.5
2012-02-20,138.6
2012-02-21,138.8
2012-02-22,138.9
2012-02-23,138.9
2012-02-24,139.1
2012-02-27,139.4
2012-02-28,139.8
2012-02-29,140.1
2012-03-01,140.3
2012-03-02,140.5
2012-03-05,140.4
2012-03-06,140.2
2012-03-07,140.0
2012-03-08,140.0
2012-03-09,140.2
2012-03-12,140.3
2012-03-13,140.9
2012-03-14,141.5
2012-03-15,141.8
2012-03-16,142.6
2012-03-19,143.3
2012-03-20,143.7
2012-03-21,143.9
2012-03-22,143.8
2012-03-23,143.8
2012-03-26,143.8
2012-03-27,143.9
2012-03-28,144.0
2012-03-29,144.0
2012-03-30,144.2
2012-04-02,144.4
2012-04-03,144.4
2012-04-04,144.3
2012-04-05,144.3
2012-04-06,144.4
2012-04-09,144.4
2012-04-10,144.5
2012-04-11,144.7
2012-04-12,144.6
2012-04-13,144.5
2012-04-16,144.3
2012-04-17,143.4
2012-04-18,143.2
2012-04-19,143.0
2012-04-20,142.4
2012-04-23,142.3
2012-04-24,142.2
2012-04-25,142.1
2012-04-26,142.1
2012-04-27,142.2
2012-04-30,142.4
2012-05-01,142.5
2012-05-02,142.5
2012-05-03,142.5
2012-05-04,142.6
2012-05-07,142.6
2012-05-08,142.2
2012-05-09,141.9
2012-05-10,141.6
2012-05-11,141.2
2012-05-14,141.0
2012-05-15,140.6
2012-05-16,140.0
2012-05-17,140.0
2012-05-18,139.9
2012-05-21,139.9
2012-05-22,139.7
2012-05-23,139.6
2012-05-24,139.5
2012-05-25,139.2
2012-05-28,139.0
2012-05-29,138.8
2012-05-30,138.8
2012-05-31,138.7
2012-06-01,138.3
2012-06-04,138.1
2012-06-05,137.3
2012-06-06,136.6
2012-06-07,136.2
2012-06-08,134.5
2012-06-11,134.4
2012-06-12,134.0
2012-06-13,132.9
2012-06-14,132.7
2012-06-15,132.1
2012-06-18,132.0
2012-06-19,131.6
2012-06-20,131.4
2012-06-21,131.1
2012-06-22,130.2
2012-06-25,129.8
2012-06-26,128.7
2012-06-27,128.3
2012-06-28,128.1
2012-06-29,127.6
2012-07-02,127.5
2012-07-03,127.8
2012-07-04,128.1
2012-07-05,128.3
2012-07-06,129.2
2012-07-09,129.6
2012-07-10,130.5
2012-07-11,130.8
2012-07-12,131.0
2012-07-13,131.7
2012-07-16,131.8
2012-07-17,132.2
2012-07-18,132.3
2012-07-19,132.6
2012-07-20,133.1
2012-07-23,133.4
2012-07-24,134.1
2012-07-25,134.2
2012-07-26,134.3
2012-07-27,134.4
2012-07-30,134.4
2012-07-31,134.1
2012-08-01,134.0
2012-08-02,133.9
2012-08-03,133.7
2012-08-06,133.7
2012-08-07,133.6
2012-08-08,133.7
2012-08-09,133.9
2012-08-10,134.7
2012-08-13,135.0
2012-08-14,136.0
2012-08-15,136.3
2012-08-16,136.7
2012-08-17,137.9
2012-08-20,138.3
2012-08-21,139.0
2012-08-22,139.4
2012-08-23,139.6
2012-08-24,140.5
2012-08-27,140.7
2012-08-28,141.1
2012-08-29,141.2
2012-08-30,141.3
2012-08-31,141.6
2012-09-03,141.7
2012-09-04,141.9
2012-09-05,142.1
2012-09-06,142.4
2012-09-07,143.0
2012-09-10,143.2
2012-09-11,143.2
2012-09-12,143.1
2012-09-13,142.9
2012-09-14,142.4
2012-09-17,142.2
2012-09-18,142.0
2012-09-19,141.9
2012-09-20,141.7
2012-09-21,141.4
2012-09-24,140.9
2012-09-25,140.2
2012-09-26,139.9
2012-09-27,139.6
2012-09-28,139.1
2012-10-01,139.1
2012-10-02,139.3
2012-10-03,139.5
2012-10-04,139.6
2012-10-05,140.1
2012-10-08,140.2
2012-10-09,140.8
2012-10-10,140.9
2012-10-11,141.1
2012-10-12,141.8
2012-10-15,142.0
2012-10-16,142.4
2012-10-17,142.7
2012-10-18,142.8
2012-10-19,142.8
2012-10-22,142.7
2012-10-23,142.3
2012-10-24,141.9
2012-10-25,141.4
2012-10-26,140.0
2012-10-29,139.7
2012-10-30,138.7
2012-10-31,138.5
2012-11-01,138.3
2012-11-02,138.2
2012-11-05,138.2
2012-11-06,138.0
2012-11-07,137.7
2012-11-08,137.5
2012-11-09,136.9
2012-11-12,136.7
2012-11-13,136.2
2012-11-14,136.0
2012-11-15,136.0
2012-11-16,135.7
2012-11-19,135.8
2012-11-20,135.9
2012-11-21,136.0
2012-11-22,136.4
2012-11-23,136.8
2012-11-26,137.1
2012-11-27,137.5
2012-11-28,137.8
2012-11-29,137.9
2012-11-30,137.8
2012-12-03,137.7
2012-12-04,137.5
2012-12-05,137.5
2012-12-06,137.6
2012-12-07,137.6
2012-12-10,137.8
2012-12-11,137.6
2012-12-12,137.3
2012-12-13,137.0
2012-12-14,136.1
2012-12-17,135.6
2012-12-18,135.1
2012-12-19,135.0
2012-12-20,134.9
2012-12-21,134.9
2012-12-24,135.0
2012-12-25,135.3
2012-12-26,135.3
2012-12-27,135.3
2012-12-28,136.0
2012-12-31,136.4
2013-01-01,136.7
2013-01-02,136.8
2013-01-03,136.9
2013-01-04,137.0
2013-01-07,136.9
2013-01-08,136.8
2013-01-09,136.5
2013-01-10,136.5
2013-01-11,136.4
2013-01-14,136.5
2013-01-15,136.5
2013-01-16,136.5
2013-01-17,136.5
2013-01-18,136.4
2013-01-21,136.3
2013-01-22,136.2
2013-01-23,136.3
2013-01-24,136.3
2013-01-25,136.6
2013-01-28,136.7
2013-01-29,136.7
2013-01-30,137.1
2013-01-31,137.4
2013-02-01,137.8
2013-02-04,138.1
2013-02-05,138.8
2013-02-06,139.3
2013-02-07,139.5
2013-02-08,140.4
2013-02-11,141.1
2013-02-12,141.7
2013-02-13,142.4
2013-02-14,142.9
2013-02-15,143.6
2013-02-18,144.0
2013-02-19,144.1
2013-02-20,144.2
2013-02-21,144.2
2013-02-22,144.0
2013-02-25,143.9
2013-02-26,143.5
2013-02-27,143.4
2013-02-28,143.1
2013-03-01,142.6
2013-03-04,142.2
2013-03-05,141.3
2013-03-06,140.8
2013-03-07,140.4
2013-03-08,139.6
2013-03-11,139.2
2013-03-12,139.0
2013-03-13,138.9
2013-03-14,138.8
2013-03-15,138.6
2013-03-18,138.4
2013-03-19,137.9
2013-03-20,137.5
2013-03-21,137.2
2013-03-22,136.5
2013-03-25,136.1
2013-03-26,135.7
2013-03-27,135.3
2013-03-28,135.0
2013-03-29,134.6
2013-04-01,134.6
2013-04-02,134.6
2013-04-03,134.4
2013-04-04,134.5
2013-04-05,134.8
2013-04-08,134.9
2013-04-09,134.6
2013-04-10,134.4
2013-04-11,134.2
2013-04-12,133.5
2013-04-15,133.1
2013-04-16,132.5
2013-04-17,131.9
2013-04-18,131.5
2013-04-19,130.2
2013-04-22,129.7
2013-04-23,129.0
2013-04-24,128.8
2013-04-25,128.8
2013-04-26,128.8
2013-04-29,129.3
2013-04-30,130.1
2013-05-01,130.4
2013-05-02,130.6
2013-05-03,130.8
2013-05-06,130.7
2013-05-07,130.5
2013-05-08,130.4
2013-05-09,130.5
2013-05-10,131.1
2013-05-13,131.6
2013-05-14,132.4
2013-05-15,132.9
2013-05-16,133.3
2013-05-17,134.0
2013-05-20,134.2
2013-05-21,134.8
2013-05-22,135.2
2013-05-23,135.5
2013-05-24,136.2
2013-05-27,136.3
2013-05-28,136.3
2013-05-29,136.3
2013-05-30,136.4
2013-05-31,136.6
2013-06-03,136.7
2013-06-04,136.6
2013-06-05,136.5
2013-06-06,136.4
2013-06-07,136.0
2013-06-10,136.0
2013-06-11,136.5
2013-06-12,137.2
2013-06-13,137.7
2013-06-14,138.9
2013-06-17,139.2
2013-06-18,139.6
2013-06-19,139.8
2013-06-20,139.9
2013-06-21,140.5
2013-06-24,140.9
2013-06-25,141.6
2013-06-26,141.7
2013-06-27,141.8
2013-06-28,142.1
2013-07-01,142.0
2013-07-02,142.0
2013-07-03,142.3
2013-07-04,142.3
2013-07-05,143.1
2013-07-08,143.6
2013-07-09,144.5
2013-07-10,145.0
2013-07-11,145.3
2013-07-12,146.1
2013-07-15,146.3
2013-07-16,146.4
2013-07-17,146.5
2013-07-18,146.7
2013-07-19,146.7
2013-07-22,146.8
2013-07-23,147.3
2013-07-24,147.3
2013-07-25,147.2
2013-07-26,146.9
2013-07-29,146.8
2013-07-30,146.4
2013-07-31,146.2
2013-08-01,146.0
2013-08-02,146.1
2013-08-05,146.4
2013-08-06,147.5
2013-08-07,147.9
2013-08-08,148.7
2013-08-09,149.5
2013-08-12,149.5
2013-08-13,148.9
2013-08-14,148.5
2013-08-15,148.1
2013-08-16,147.5
2013-08-19,147.5
2013-08-20,147.6
2013-08-21,147.6
2013-08-22,147.7
2013-08-23,148.0
2013-08-26,148.2
2013-08-27,148.5
2013-08-28,148.7
2013-08-29,149.0
2013-08-30,149.8
2013-09-02,150.5
2013-09-03,151.2
2013-09-04,151.5
2013-09-05,151.7
2013-09-06,151.8
2013-09-09,151.5
2013-09-10,151.0
2013-09-11,150.7
2013-09-12,150.2
2013-09-13,149.0
2013-09-16,148.5
2013-09-17,147.8
2013-09-18,147.5
2013-09-19,147.2
2013-09-20,146.4
2013-09-23,146.0
2013-09-24,145.4
2013-09-25,145.0
2013-09-26,144.6
2013-09-27,143.9
2013-09-30,143.9
2013-10-01,144.0
2013-10-02,144.1
2013-10-03,144.2
2013-10-04,144.4
2013-10-07,144.6
2013-10-08,144.7
2013-10-09,144.7
2013-10-10,144.7
2013-10-11,144.9
2013-10-14,145.0
2013-10-15,145.2
2013-10-16,145.4
2013-10-17,145.5
2013-10-18,145.5
2013-10-21,145.4
2013-10-22,144.8
2013-10-23,144.4
2013-10-24,144.0
2013-10-25,143.3
2013-10-28,142.7
2013-10-29,142.2
2013-10-30,141.9
2013-10-31,141.9
2013-11-01,142.4
2013-11-04,142.6
2013-11-05,143.0
2013-11-06,143.7
2013-11-07,143.9
2013-11-08,143.7
2013-11-11,143.5
2013-11-12,143.1
2013-11-13,142.9
2013-11-14,142.8
2013-11-15,143.0
2013-11-18,143.3
2013-11-19,143.9
2013-11-20,144.2
2013-11-21,144.4
2013-11-22,144.5
2013-11-25,144.6
2013-11-26,145.3
2013-11-27,145.9
2013-11-28,146.4
2013-11-29,148.8
2013-12-02,149.1
2013-12-03,150.2
2013-12-04,150.8
2013-12-05,151.1
2013-12-06,151.4
2013-12-09,151.6
2013-12-10,151.5
2013-12-11,151.4
2013-12-12,151.1
2013-12-13,150.3
2013-12-16,149.9
2013-12-17,149.6
2013-12-18,149.5
2013-12-19,149.5
2013-12-20,149.8
2013-12-23,150.7
2013-12-24,151.0
2013-12-25,151.0
2013-12-26,151.0
2013-12-27,151.0
2013-12-30,151.6
2013-12-31,152.4
2014-01-01,152.4
2014-01-02,152.4
2014-01-03,152.5
2014-01-06,152.5
2014-01-07,151.9
2014-01-08,151.2
2014-01-09,150.7
2014-01-10,149.8
2014-01-13,149.2
2014-01-14,148.8
2014-01-15,148.4
2014-01-16,148.1
2014-01-17,147.7
2014-01-20,147.4
2014-01-21,147.4
2014-01-22,147.4
2014-01-23,147.7
2014-01-24,148.5
2014-01-27,148.5
2014-01-28,148.6
2014-01-29,149.3
2014-01-30,149.5
2014-01-31,149.6
2014-02-03,149.8
2014-02-04,149.8
2014-02-05,149.7
2014-02-06,149.6
2014-02-07,149.2
2014-02-10,148.9
2014-02-11,148.4
2014-02-12,148.2
2014-02-13,148.2
2014-02-14,148.2
2014-02-17,148.1
2014-02-18,148.2
2014-02-19,148.2
2014-02-20,148.2
2014-02-21,148.3
2014-02-24,148.5
2014-02-25,148.9
2014-02-26,149.1
2014-02-27,149.1
2014-02-28,149.2
2014-03-03,149.1
2014-03-04,148.9
2014-03-05,148.9
2014-03-06,148.9
2014-03-07,149.0
2014-03-10,149.0
2014-03-11,148.7
2014-03-12,148.1
2014-03-13,147.9
2014-03-14,147.1
2014-03-17,146.8
2014-03-18,146.5
2014-03-19,146.4
2014-03-20,146.2
2014-03-21,145.8
2014-03-24,145.5
2014-03-25,145.5
2014-03-26,145.5
2014-03-27,145.5
2014-03-28,145.6
2014-03-31,145.5
2014-04-01,145.4
2014-04-02,145.1
2014-04-03,145.0
2014-04-04,144.7
2014-04-07,144.3
2014-04-08,144.2
2014-04-09,144.1
2014-04-10,144.0
2014-04-11,143.9
2014-04-14,144.0
2014-04-15,143.9
2014-04-16,144.0
2014-04-17,144.0
2014-04-18,144.1
2014-04-21,144.1
2014-04-22,144.4
2014-04-23,145.0
2014-04-24,145.2
2014-04-25,145.3
2014-04-28,145.9
2014-04-29,146.1
2014-04-30,146.2
2014-05-01,146.1
2014-05-02,146.0
2014-05-05,145.9
2014-05-06,145.5
2014-05-07,145.4
2014-05-08,145.2
2014-05-09,144.7
2014-05-12,144.5
2014-05-13,144.2
2014-05-14,144.0
2014-05-15,143.9
2014-05-16,143.7
2014-05-19,143.7
2014-05-20,143.8
2014-05-21,143.8
2014-05-22,143.9
2014-05-23,144.4
2014-05-26,144.5
2014-05-27,144.7
2014-05-28,144.9
2014-05-29,144.9
2014-05-30,144.9
2014-06-02,144.9
2014-06-03,144.5
2014-06-04,144.2
2014-06-05,143.9
2014-06-06,143.0
2014-06-09,142.7
2014-06-10,142.3
2014-06-11,141.7
2014-06-12,141.3
2014-06-13,141.1
2014-06-16,141.1
2014-06-17,141.6
2014-06-18,141.9
2014-06-19,142.2
2014-06-20,143.3
2014-06-23,143.6
2014-06-24,144.0
2014-06-25,144.3
2014-06-26,144.3
2014-06-27,144.5
2014-06-30,144.5
2014-07-01,144.4
2014-07-02,144.2
2014-07-03,144.0
2014-07-04,143.5
2014-07-07,143.2
2014-07-08,142.9
2014-07-09,142.7
2014-07-10,142.5
2014-07-11,142.0
2014-07-14,141.8
2014-07-15,141.4
2014-07-16,141.4
2014-07-17,141.1
2014-07-18,141.0
2014-07-21,141.0
2014-07-22,141.1
2014-07-23,141.0
2014-07-24,141.0
2014-07-25,140.9
2014-07-28,140.8
2014-07-29,140.7
2014-07-30,140.7
2014-07-31,140.7
2014-08-01,141.1
2014-08-04,141.3
2014-08-05,141.6
2014-08-06,141.7
2014-08-07,141.7
2014-08-08,141.6
2014-08-11,141.6
2014-08-12,141.6
2014-08-13,141.6
2014-08-14,141.5
2014-08-15,141.3
2014-08-18,141.3
2014-08-19,140.8
2014-08-20,140.6
2014-08-21,140.4
2014-08-22,139.8
2014-08-25,139.7
2014-08-26,139.5
2014-08-27,139.4
2014-08-28,139.5
2014-08-29,139.6
2014-09-01,139.7
2014-09-02,139.9
2014-09-03,139.9
2014-09-04,139.9
2014-09-05,139.8
2014-09-08,139.7
2014-09-09,139.5
2014-09-10,139.2
2014-09-11,139.0
2014-09-12,138.7
2014-09-15,138.5
2014-09-16,138.4
2014-09-17,138.6
2014-09-18,138.7
2014-09-19,138.8
2014-09-22,139.1
2014-09-23,139.0
2014-09-24,139.1
2014-09-25,139.1
2014-09-26,139.2
2014-09-29,139.2
2014-09-30,139.3
2014-10-01,139.4
2014-10-02,139.8
2014-10-03,139.9
2014-10-06,139.6
2014-10-07,139.2
2014-10-08,139.0
2014-10-09,138.3
2014-10-10,137.2
2014-10-13,136.7
2014-10-14,135.6
2014-10-15,135.1
2014-10-16,134.3
2014-10-17,133.7
2014-10-20,132.7
2014-10-21,132.0
2014-10-22,131.4
2014-10-23,131.2
2014-10-24,131.0
2014-10-27,130.8
2014-10-28,131.0
2014-10-29,130.9
2014-10-30,131.0
2014-10-31,130.9
2014-11-03,131.2
2014-11-04,131.2
2014-11-05,131.5
2014-11-06,131.7
2014-11-07,131.6
2014-11-10,131.8
2014-11-11,132.0
2014-11-12,132.2
2014-11-13,132.2
2014-11-14,132.2
2014-11-17,131.9
2014-11-18,131.3
2014-11-19,130.5
2014-11-20,129.8
2014-11-21,129.3
2014-11-24,129.1
2014-11-25,129.2
2014-11-26,129.4
2014-11-27,129.5
2014-11-28,129.6
2014-12-01,129.3
2014-12-02,128.8
2014-12-03,127.4
2014-12-04,126.7
2014-12-05,125.5
2014-12-08,124.4
2014-12-09,124.1
2014-12-10,123.7
2014-12-11,123.1
2014-12-12,122.6
2014-12-15,122.1
2014-12-16,121.3
2014-12-17,120.5
2014-12-18,119.6
2014-12-19,118.7
2014-12-22,118.2
2014-12-23,117.6
2014-12-24,117.5
2014-12-25,117.4
2014-12-26,117.4
2014-12-29,117.4
2014-12-30,118.0
2014-12-31,117.7
2015-01-01,117.4
2015-01-02,117.4
2015-01-05,116.0
2015-01-06,115.4
2015-01-07,114.9
2015-01-08,114.1
2015-01-09,112.9
2015-01-12,112.1
2015-01-13,111.3
2015-01-14,109.8
2015-01-15,109.0
2015-01-16,108.1
2015-01-19,107.5
2015-01-20,106.6
2015-01-21,106.2
2015-01-22,106.1
2015-01-23,106.1
2015-01-26,106.1
2015-01-27,106.2
2015-01-28,106.5
2015-01-29,106.8
2015-01-30,107.1
2015-02-02,107.7
2015-02-03,108.2
2015-02-04,108.4
2015-02-05,110.2
2015-02-06,111.4
2015-02-09,112.4
2015-02-10,114.2
2015-02-11,115.2
2015-02-12,116.3
2015-02-13,117.2
2015-02-16,117.4
2015-02-17,118.2
2015-02-18,119.4
2015-02-19,119.6
2015-02-20,120.1
2015-02-23,120.5
2015-02-24,120.6
2015-02-25,120.4
2015-02-26,120.1
2015-02-27,119.6
2015-03-02,119.5
2015-03-03,119.7
2015-03-04,120.1
2015-03-05,120.3
2015-03-06,120.7
2015-03-09,121.0
2015-03-10,121.2
2015-03-11,121.2
2015-03-12,120.9
2015-03-13,120.8
2015-03-16,120.7
2015-03-17,120.4
2015-03-18,119.8
2015-03-19,119.2
2015-03-20,118.7
2015-03-23,118.2
2015-03-24,117.8
2015-03-25,117.5
2015-03-26,117.4
2015-03-27,117.2
2015-03-30,117.4
2015-03-31,117.5
2015-04-01,117.7
2015-04-02,118.0
2015-04-03,118.1
2015-04-06,118.1
2015-04-07,118.5
2015-04-08,118.4
2015-04-09,118.5
2015-04-10,118.6
2015-04-13,118.3
2015-04-14,118.2
2015-04-15,118.6
2015-04-16,118.9
2015-04-17,119.3
2015-04-20,119.8
2015-04-21,120.7
2015-04-22,121.0
2015-04-23,121.2
2015-04-24,121.2
2015-04-27,121.3
2015-04-28,121.5
2015-04-29,121.8
2015-04-30,121.8
2015-05-01,121.9
2015-05-04,122.0
2015-05-05,122.3
2015-05-06,122.6
2015-05-07,123.0
2015-05-08,123.9
2015-05-11,124.4
2015-05-12,124.4
2015-05-13,124.6
2015-05-14,124.6
2015-05-15,124.6
2015-05-18,124.4
2015-05-19,124.4
2015-05-20,124.5
2015-05-21,124.5
2015-05-22,124.3
2015-05-25,124.4
2015-05-26,124.5
2015-05-27,124.5
2015-05-28,124.6
2015-05-29,124.5
2015-06-01,124.6
2015-06-02,124.4
2015-06-03,124.5
2015-06-04,124.7
2015-06-05,124.6
2015-06-08,124.5
2015-06-09,124.3
2015-06-10,123.9
2015-06-11,123.6
2015-06-12,123.7
2015-06-15,123.9
2015-06-16,124.1
2015-06-17,124.1
2015-06-18,124.1
2015-06-19,123.8
2015-06-22,123.6
2015-06-23,123.4
2015-06-24,123.3
2015-06-25,123.3
2015-06-26,123.4
2015-06-29,123.2
2015-06-30,123.1
2015-07-01,122.8
2015-07-02,122.8
2015-07-03,122.4
2015-07-06,122.3
2015-07-07,122.0
2015-07-08,121.6
2015-07-09,121.2
2015-07-10,120.4
2015-07-13,120.1
2015-07-14,119.7
2015-07-15,119.3
2015-07-16,119.2
2015-07-17,119.3
2015-07-20,119.2
2015-07-21,119.1
2015-07-22,118.9
2015-07-23,118.6
2015-07-24,118.3
2015-07-27,118.1
2015-07-28,117.8
2015-07-29,117.3
2015-07-30,116.9
2015-07-31,116.6
2015-08-03,116.5
2015-08-04,115.9
2015-08-05,115.5
2015-08-06,115.3
2015-08-07,115.0
2015-08-10,114.8
2015-08-11,114.5
2015-08-12,114.5
2015-08-13,114.5
2015-08-14,114.7
2015-08-17,114.9
2015-08-18,114.8
2015-08-19,114.7
2015-08-20,114.5
2015-08-21,114.1
2015-08-24,113.7
2015-08-25,113.1
2015-08-26,112.5
2015-08-27,112.3
2015-08-28,111.7
2015-08-31,111.4
2015-09-01,111.6
2015-09-02,112.4
2015-09-03,113.7
2015-09-04,114.7
2015-09-07,115.9
2015-09-08,116.4
2015-09-09,117.5
2015-09-10,117.3
2015-09-11,117.4
2015-09-14,117.2
2015-09-15,116.5
2015-09-16,116.0
2015-09-17,115.3
2015-09-18,114.7
2015-09-21,114.4
2015-09-22,114.0
2015-09-23,113.8
2015-09-24,113.9
2015-09-25,114.2
2015-09-28,114.6
2015-09-29,114.6
2015-09-30,114.8
2015-10-01,114.9
2015-10-02,114.9
2015-10-05,114.6
2015-10-06,114.6
2015-10-07,114.5
2015-10-08,114.7
2015-10-09,115.1
2015-10-12,115.6
2015-10-13,115.7
2015-10-14,115.8
2015-10-15,115.7
2015-10-16,114.8
2015-10-19,114.1
2015-10-20,113.4
2015-10-21,112.7
2015-10-22,112.3
2015-10-23,112.0
2015-10-26,111.8
2015-10-27,111.8
2015-10-28,111.6
2015-10-29,111.4
2015-10-30,111.5
2015-11-02,111.7
2015-11-03,112.0
2015-11-04,112.2
2015-11-05,112.7
2015-11-06,113.4
2015-11-09,113.7
2015-11-10,113.8
2015-11-11,114.0
2015-11-12,114.0
2015-11-13,113.7
2015-11-16,113.4
2015-11-17,112.9
2015-11-18,112.5
2015-11-19,112.0
2015-11-20,111.3
2015-11-23,110.8
2015-11-24,110.4
2015-11-25,110.0
2015-11-26,109.8
2015-11-27,109.7
2015-11-30,109.6
2015-12-01,109.4
2015-12-02,109.4
2015-12-03,109.0
2015-12-04,108.7
2015-12-07,108.0
2015-12-08,107.3
2015-12-09,106.5
2015-12-10,105.6
2015-12-11,104.6
2015-12-14,104.0
2015-12-15,102.9
2015-12-16,102.1
2015-12-17,101.0
2015-12-18,100.1
2015-12-21,99.1
2015-12-22,98.4
2015-12-23,97.9
2015-12-24,97.4
2015-12-25,97.2
2015-12-28,97.2
2015-12-29,97.2
2015-12-30,97.0
2015-12-31,96.7
2016-01-01,96.6
2016-01-04,96.6
2016-01-05,95.7
2016-01-06,95.4
2016-01-07,95.3
2016-01-08,95.2
2016-01-11,94.9
2016-01-12,94.7
2016-01-13,94.3
2016-01-14,93.5
2016-01-15,92.8
2016-01-18,91.6
2016-01-19,90.8
2016-01-20,90.2
2016-01-21,89.5
2016-01-22,88.9
2016-01-25,88.5
2016-01-26,88.3
2016-01-27,88.2
2016-01-28,88.3
2016-01-29,88.3
2016-02-01,89.1
2016-02-02,90.2
2016-02-03,90.8
2016-02-04,90.8
2016-02-05,91.9
2016-02-08,92.3
2016-02-09,92.6
2016-02-10,92.7
2016-02-11,92.9
2016-02-12,92.7
2016-02-15,92.3
2016-02-16,91.8
2016-02-17,91.8
2016-02-18,92.1
2016-02-19,92.2
2016-02-22,92.9
2016-02-23,93.5
2016-02-24,93.9
2016-02-25,93.8
2016-02-26,93.8
2016-02-29,93.5
2016-03-01,93.4
2016-03-02,93.5
2016-03-03,93.9
2016-03-04,94.2
2016-03-07,94.4
2016-03-08,94.8
2016-03-09,95.3
2016-03-10,95.7
2016-03-11,96.0
2016-03-14,96.6
2016-03-15,97.3
2016-03-16,97.5
2016-03-17,97.5
2016-03-18,97.5
2016-03-21,97.6
2016-03-22,97.6
2016-03-23,97.6
2016-03-24,97.9
2016-03-25,98.0
2016-03-28,98.0
2016-03-29,98.1
2016-03-30,97.4
2016-03-31,97.2
2016-04-01,96.9
2016-04-04,96.8
2016-04-05,96.4
2016-04-06,95.5
2016-04-07,95.1
2016-04-08,94.6
2016-04-11,94.6
2016-04-12,94.8
2016-04-13,95.1
2016-04-14,96.3
2016-04-15,97.0
2016-04-18,97.8
2016-04-19,98.3
2016-04-20,98.5
2016-04-21,98.4
2016-04-22,98.3
2016-04-25,98.5
2016-04-26,98.6
2016-04-27,99.6
2016-04-28,100.1
2016-04-29,101.0
2016-05-02,101.5
2016-05-03,102.5
2016-05-04,103.1
2016-05-05,103.4
2016-05-06,103.6
2016-05-09,103.5
2016-05-10,103.1
2016-05-11,103.1
2016-05-12,103.2
2016-05-13,103.5
2016-05-16,103.9
2016-05-17,104.9
2016-05-18,105.7
2016-05-19,106.5
2016-05-20,107.6
2016-05-23,108.0
2016-05-24,108.5
2016-05-25,108.8
2016-05-26,109.3
2016-05-27,109.7
2016-05-30,109.9
2016-05-31,110.2
2016-06-01,110.4
2016-06-02,110.5
2016-06-03,110.6
2016-06-06,110.3
2016-06-07,110.7
2016-06-08,110.6
2016-06-09,110.3
2016-06-10,110.4
2016-06-13,110.5
2016-06-14,110.5
2016-06-15,110.4
2016-06-16,110.2
2016-06-17,109.9
2016-06-20,109.2
2016-06-21,108.8
2016-06-22,108.7
2016-06-23,108.6
2016-06-24,108.7
2016-06-27,108.7
2016-06-28,108.8
2016-06-29,108.6
2016-06-30,108.4
2016-07-01,108.1
2016-07-04,108.2
2016-07-05,108.4
2016-07-06,108.6
2016-07-07,108.6
2016-07-08,108.5
2016-07-11,108.3
2016-07-12,107.7
2016-07-13,106.8
2016-07-14,106.4
2016-07-15,106.0
2016-07-18,105.4
2016-07-19,105.0
2016-07-20,104.3
2016-07-21,104.0
2016-07-22,103.8
2016-07-25,104.5
2016-07-26,104.0
2016-07-27,104.0
2016-07-28,103.8
2016-07-29,103.4
2016-08-01,103.1
2016-08-02,101.7
2016-08-03,101.5
2016-08-04,100.8
2016-08-05,99.8
2016-08-08,99.2
2016-08-09,99.0
2016-08-10,99.0
2016-08-11,99.2
2016-08-12,99.7
2016-08-15,99.9
2016-08-16,100.2
2016-08-17,100.9
2016-08-18,102.1
2016-08-19,102.5
2016-08-22,103.6
2016-08-23,104.4
2016-08-24,105.2
2016-08-25,105.6
2016-08-26,105.9
2016-08-29,105.9
2016-08-30,105.9
2016-08-31,105.6
2016-09-01,105.6
2016-09-02,105.6
2016-09-05,105.5
2016-09-06,105.1
2016-09-07,104.9
2016-09-08,104.6
2016-09-09,104.4
2016-09-12,103.9
2016-09-13,104.0
2016-09-14,104.4
2016-09-15,104.7
2016-09-16,105.0
2016-09-19,105.1
2016-09-20,104.9
2016-09-21,104.8
2016-09-22,104.3
2016-09-23,104.1
2016-09-26,104.0
2016-09-27,104.1
2016-09-28,104.1
2016-09-29,104.3
2016-09-30,104.3
2016-10-03,104.4
2016-10-04,104.7
2016-10-05,105.2
2016-10-06,105.9
2016-10-07,107.0
2016-10-10,107.7
2016-10-11,108.6
2016-10-12,109.1
2016-10-13,109.7
2016-10-14,110.2
2016-10-17,110.5
2016-10-18,110.7
2016-10-19,110.8
2016-10-20,110.8
2016-10-21,110.5
2016-10-24,110.3
2016-10-25,110.1
2016-10-26,110.0
2016-10-27,110.2
2016-10-28,110.2
2016-10-31,110.2
2016-11-01,110.0
2016-11-02,109.9
2016-11-03,109.7
2016-11-04,109.5
2016-11-07,108.7
2016-11-08,108.1
2016-11-09,106.8
2016-11-10,107.1
2016-11-11,106.5
2016-11-14,104.9
2016-11-15,104.8
2016-11-16,106.1
2016-11-17,104.6
2016-11-18,104.7
2016-11-21,104.8
2016-11-22,104.9
2016-11-23,105.2
2016-11-24,106.2
2016-11-25,106.7
2016-11-28,107.6
2016-11-29,108.1
2016-11-30,108.2
2016-12-01,108.0
2016-12-02,107.5
2016-12-05,107.5
2016-12-06,107.8
2016-12-07,109.2
2016-12-08,109.9
2016-12-09,110.9
2016-12-12,111.6
2016-12-13,112.0
2016-12-14,112.3
2016-12-15,112.6
2016-12-16,113.0
2016-12-19,113.4
2016-12-20,113.7
2016-12-21,114.1
2016-12-22,114.5
2016-12-23,113.7
2016-12-26,114.0
2016-12-27,114.0
2016-12-28,114.3
2016-12-29,114.6
2016-12-30,115.0
2017-01-02,115.2
2017-01-03,115.2
2017-01-04,115.6
2017-01-05,116.1
2017-01-06,116.4
2017-01-09,118.5
2017-01-10,118.3
2017-01-11,118.2
2017-01-12,118.0
2017-01-13,117.2
2017-01-16,116.7
2017-01-17,116.3
2017-01-18,115.7
2017-01-19,115.3
2017-01-20,115.2
2017-01-23,114.9
2017-01-24,114.6
2017-01-25,114.3
2017-01-26,114.2
2017-01-27,114.2
2017-01-30,114.2
2017-01-31,114.6
2017-02-01,115.1
2017-02-02,115.3
2017-02-03,115.3
2017-02-06,115.4
2017-02-07,115.5
2017-02-08,115.5
2017-02-09,115.6
2017-02-10,115.6
2017-02-13,115.8
2017-02-14,115.7
2017-02-15,115.6
2017-02-16,115.6
2017-02-17,115.5
2017-02-20,115.3
2017-02-21,115.2
2017-02-22,115.1
2017-02-23,115.1
2017-02-24,115.2
2017-02-27,115.4
2017-02-28,115.5
2017-03-01,115.5
2017-03-02,115.5
2017-03-03,115.5
2017-03-06,115.4
2017-03-07,115.4
2017-03-08,115.2
2017-03-09,115.2
2017-03-10,115.1
2017-03-13,115.0
2017-03-14,114.8
2017-03-15,114.1
2017-03-16,113.3
2017-03-17,112.4
2017-03-20,111.8
2017-03-21,111.3
2017-03-22,110.9
2017-03-23,110.6
2017-03-24,110.3
2017-03-27,110.1
2017-03-28,109.8
2017-03-29,109.7
2017-03-30,109.7
2017-03-31,109.8
2017-04-03,110.2
2017-04-04,110.5
2017-04-05,111.1
2017-04-06,111.5
2017-04-07,112.1
2017-04-10,112.5
2017-04-11,113.1
2017-04-12,113.9
2017-04-13,114.7
2017-04-14,115.0
2017-04-17,115.0
2017-04-18,115.0
2017-04-19,115.9
2017-04-20,116.0
2017-04-21,115.6
2017-04-24,115.4
2017-04-25,115.2
2017-04-26,115.2
2017-04-27,114.3
2017-04-28,113.8
2017-05-01,113.4
2017-05-02,113.1
2017-05-03,112.9
2017-05-04,112.5
2017-05-05,112.1
2017-05-08,111.6
2017-05-09,110.9
2017-05-10,110.5
2017-05-11,110.1
2017-05-12,110.1
2017-05-15,110.2
2017-05-16,110.6
2017-05-17,111.5
2017-05-18,111.6
2017-05-19,111.7
2017-05-22,111.8
2017-05-23,112.1
2017-05-24,112.6
2017-05-25,112.8
2017-05-26,113.3
2017-05-29,113.9
2017-05-30,113.9
2017-05-31,113.7
2017-06-01,113.4
2017-06-02,113.0
2017-06-05,112.6
2017-06-06,112.0
2017-06-07,111.5
2017-06-08,111.0
2017-06-09,110.5
2017-06-12,109.9
2017-06-13,109.2
2017-06-14,108.6
2017-06-15,108.3
2017-06-16,108.1
2017-06-19,107.9
2017-06-20,107.8
2017-06-21,107.7
2017-06-22,107.5
2017-06-23,107.2
2017-06-26,106.9
2017-06-27,106.7
2017-06-28,106.4
2017-06-29,106.2
2017-06-30,106.3
2017-07-03,106.7
2017-07-04,107.1
2017-07-05,107.4
2017-07-06,108.6
2017-07-07,109.2
2017-07-10,109.9
2017-07-11,110.3
2017-07-12,110.3
2017-07-13,109.9
2017-07-14,109.5
2017-07-17,108.9
2017-07-18,108.6
2017-07-19,108.4
2017-07-20,108.4
2017-07-21,108.1
2017-07-24,108.0
2017-07-25,108.1
2017-07-26,108.1
2017-07-27,108.0
2017-07-28,108.5
2017-07-31,108.7
2017-08-01,109.1
2017-08-02,109.7
2017-08-03,110.2
2017-08-04,110.9
2017-08-07,111.2
2017-08-08,111.3
2017-08-09,111.3
2017-08-10,111.0
2017-08-11,111.1
2017-08-14,111.2
2017-08-15,111.3
2017-08-16,111.4
2017-08-17,111.4
2017-08-18,111.3
2017-08-21,111.0
2017-08-22,110.5
2017-08-23,110.3
2017-08-24,110.1
2017-08-25,110.0
2017-08-28,110.1
2017-08-29,110.4
2017-08-30,110.7
2017-08-31,110.9
2017-09-01,111.1
2017-09-04,111.3
2017-09-05,111.5
2017-09-06,111.7
2017-09-07,112.0
2017-09-08,112.6
2017-09-11,113.0
2017-09-12,113.7
2017-09-13,114.1
2017-09-14,114.3
2017-09-15,114.2
2017-09-18,114.2
2017-09-19,114.1
2017-09-20,114.1
2017-09-21,114.4
2017-09-22,114.6
2017-09-25,114.9
2017-09-26,115.2
2017-09-27,115.5
2017-09-28,115.9
2017-09-29,116.3
2017-10-02,116.7
2017-10-03,117.5
2017-10-04,118.0
2017-10-05,118.0
2017-10-06,117.8
2017-10-09,117.3
2017-10-10,117.1
2017-10-11,116.8
2017-10-12,116.7
2017-10-13,116.8
2017-10-16,116.9
2017-10-17,116.8
2017-10-18,116.9
2017-10-19,117.0
2017-10-20,117.2
2017-10-23,117.2
2017-10-24,117.0
2017-10-25,116.9
2017-10-26,116.8
2017-10-27,116.8
2017-10-30,117.0
2017-10-31,117.6
2017-11-01,118.2
2017-11-02,118.9
2017-11-03,119.6
2017-11-06,120.0
2017-11-07,120.1
2017-11-08,120.1
2017-11-09,120.4
2017-11-10,120.7
2017-11-13,121.1
2017-11-14,121.6
2017-11-15,122.0
2017-11-16,122.2
2017-11-17,122.3
2017-11-20,122.4
2017-11-21,122.5
2017-11-22,122.7
2017-11-23,122.9
2017-11-24,123.4
2017-11-27,123.7
2017-11-28,123.9
2017-11-29,124.0
2017-11-30,124.0
2017-12-01,123.9
2017-12-04,123.7
2017-12-05,123.6
2017-12-06,123.5
2017-12-07,123.3
2017-12-08,123.1
2017-12-11,123.0
2017-12-12,123.1
2017-12-13,123.2
2017-12-14,124.0
2017-12-15,124.4
2017-12-18,124.5
2017-12-19,124.6
2017-12-20,124.4
2017-12-21,123.9
2017-12-22,123.7
2017-12-25,123.7
2017-12-26,123.7
2017-12-27,123.7
2017-12-28,124.1
2017-12-29,124.3
2018-01-01,124.7
2018-01-02,124.7
2018-01-03,125.2
2018-01-04,125.6
2018-01-05,125.7
2018-01-08,125.9
2018-01-09,125.9
2018-01-10,126.0
2018-01-11,126.0
2018-01-12,126.2
2018-01-15,126.3
2018-01-16,126.4
2018-01-17,126.5
2018-01-18,126.6
2018-01-19,126.6
2018-01-22,126.5
2018-01-23,126.3
2018-01-24,126.1
2018-01-25,125.9
2018-01-26,125.8
2018-01-29,125.8
2018-01-30,126.2
2018-01-31,126.4
2018-02-01,126.5
2018-02-02,126.4
2018-02-05,126.4
2018-02-06,126.8
2018-02-07,126.7
2018-02-08,126.6
2018-02-09,126.6
2018-02-12,126.2
2018-02-13,125.6
2018-02-14,125.1
2018-02-15,124.2
2018-02-16,123.3
2018-02-19,122.5
2018-02-20,122.0
2018-02-21,121.7
2018-02-22,121.9
2018-02-23,122.2
2018-02-26,122.6
2018-02-27,123.1
2018-02-28,123.6
2018-03-01,124.1
2018-03-02,124.8
2018-03-05,124.9
2018-03-06,124.9
2018-03-07,124.6
2018-03-08,124.3
2018-03-09,123.9
2018-03-12,123.6
2018-03-13,123.5
2018-03-14,123.6
2018-03-15,123.6
2018-03-16,123.6
2018-03-19,123.6
2018-03-20,123.8
2018-03-21,124.1
2018-03-22,124.6
2018-03-23,125.2
2018-03-26,126.2
2018-03-27,127.1
2018-03-28,127.9
2018-03-29,128.5
2018-03-30,128.9
2018-04-02,128.9
2018-04-03,128.9
2018-04-04,130.0
2018-04-05,130.4
2018-04-06,130.3
2018-04-09,130.1
2018-04-10,129.7
2018-04-11,129.4
2018-04-12,129.2
2018-04-13,129.2
2018-04-16,129.7
2018-04-17,130.4
2018-04-18,130.8
2018-04-19,131.1
2018-04-20,131.4
2018-04-23,131.5
2018-04-24,131.7
2018-04-25,131.9
2018-04-26,131.9
2018-04-27,133.3
2018-04-30,134.2
2018-05-01,134.8
2018-05-02,135.1
2018-05-03,135.4
2018-05-04,135.6
2018-05-07,135.7
2018-05-08,135.6
2018-05-09,135.8
2018-05-10,136.2
2018-05-11,136.8
2018-05-14,137.3
2018-05-15,138.3
2018-05-16,138.7
2018-05-17,139.4
2018-05-18,139.7
2018-05-21,140.0
2018-05-22,140.3
2018-05-23,140.9
2018-05-24,141.3
2018-05-25,141.4
2018-05-28,141.4
2018-05-29,141.2
2018-05-30,140.5
2018-05-31,140.1
2018-06-01,139.7
2018-06-04,139.2
2018-06-05,138.8
2018-06-06,138.6
2018-06-07,138.2
2018-06-08,137.8
2018-06-11,137.1
2018-06-12,136.9
2018-06-13,136.3
2018-06-14,136.2
2018-06-15,136.2
2018-06-18,136.5
2018-06-19,136.8
2018-06-20,136.6
2018-06-21,136.4
2018-06-22,136.4
2018-06-25,136.3
2018-06-26,136.0
2018-06-27,136.1
2018-06-28,136.1
2018-06-29,136.1
2018-07-02,136.3
2018-07-03,136.8
2018-07-04,137.5
2018-07-05,137.8
2018-07-06,138.2
2018-07-09,138.3
2018-07-10,138.4
2018-07-11,138.4
2018-07-12,138.4
2018-07-13,138.6
2018-07-16,138.4
2018-07-17,137.9
2018-07-18,137.5
2018-07-19,136.8
2018-07-20,136.2
2018-07-23,135.3
2018-07-24,135.2
2018-07-25,135.2
2018-07-26,135.4
2018-07-27,135.9
2018-07-30,136.6
2018-07-31,137.3
2018-08-01,138.0
2018-08-02,138.3
2018-08-03,138.6
2018-08-06,138.4
2018-08-07,138.1
2018-08-08,137.9
2018-08-09,137.9
2018-08-10,138.1
2018-08-13,138.3
2018-08-14,138.5
2018-08-15,138.7
2018-08-16,138.9
2018-08-17,139.1
2018-08-20,139.2
2018-08-21,139.4
2018-08-22,139.3
2018-08-23,139.1
2018-08-24,138.8
2018-08-27,138.9
2018-08-28,139.5
2018-08-29,140.2
2018-08-30,141.1
2018-08-31,141.7
2018-09-03,142.4
2018-09-04,142.8
2018-09-05,143.5
2018-09-06,144.3
2018-09-07,145.1
2018-09-10,145.6
2018-09-11,145.8
2018-09-12,145.9
2018-09-13,145.9
2018-09-14,145.9
2018-09-17,146.1
2018-09-18,146.2
2018-09-19,146.1
2018-09-20,145.8
2018-09-21,145.5
2018-09-24,145.3
2018-09-25,145.2
2018-09-26,145.4
2018-09-27,145.7
2018-09-28,146.5
2018-10-01,147.1
2018-10-02,147.6
2018-10-03,148.4
2018-10-04,149.3
2018-10-05,150.3
2018-10-08,151.5
2018-10-09,152.5
2018-10-10,153.2
2018-10-11,153.5
2018-10-12,153.7
2018-10-15,153.4
2018-10-16,153.0
2018-10-17,152.5
2018-10-18,151.7
2018-10-19,151.3
2018-10-22,150.9
2018-10-23,150.4
2018-10-24,150.3
2018-10-25,150.4
2018-10-26,150.3
2018-10-29,149.8
2018-10-30,149.7
2018-10-31,149.5
2018-11-01,149.1
2018-11-02,148.9
2018-11-05,148.5
2018-11-06,147.6
2018-11-07,146.2
2018-11-08,144.9
2018-11-09,143.6
2018-11-12,142.4
2018-11-13,141.5
2018-11-14,141.1
2018-11-15,140.9
2018-11-16,140.3
2018-11-19,139.4
2018-11-20,138.7
2018-11-21,137.6
2018-11-22,136.5
2018-11-23,135.5
2018-11-26,134.5
2018-11-27,133.3
2018-11-28,131.9
2018-11-29,130.4
2018-11-30,129.5
2018-12-03,128.1
2018-12-04,127.3
2018-12-05,126.5
2018-12-06,126.2
2018-12-07,125.9
2018-12-10,125.7
2018-12-11,125.7
2018-12-12,125.8
2018-12-13,125.8
2018-12-14,125.8
2018-12-17,125.9
2018-12-18,126.0
2018-12-19,126.1
2018-12-20,126.0
2018-12-21,125.5
2018-12-24,125.0
2018-12-25,124.5
2018-12-26,124.1
2018-12-27,124.1
2018-12-28,122.6
2018-12-31,121.3
2019-01-01,121.4
2019-01-02,121.2
2019-01-03,121.2
2019-01-04,121.2
2019-01-07,121.8
2019-01-08,122.4
2019-01-09,123.5
2019-01-10,123.9
2019-01-11,125.9
2019-01-14,126.4
2019-01-15,127.4
2019-01-16,127.8
2019-01-17,128.1
2019-01-18,128.4
2019-01-21,128.5
2019-01-22,128.4
2019-01-23,128.7
2019-01-24,129.0
2019-01-25,129.2
2019-01-28,129.4
2019-01-29,129.4
2019-01-30,129.3
2019-01-31,129.0
2019-02-01,128.8
2019-02-04,128.9
2019-02-05,128.7
2019-02-06,129.0
2019-02-07,129.3
2019-02-08,129.4
2019-02-11,129.7
2019-02-12,130.4
2019-02-13,130.7
2019-02-14,131.1
2019-02-15,131.4
2019-02-18,132.2
2019-02-19,132.6
2019-02-20,133.6
2019-02-21,134.3
2019-02-22,134.4
2019-02-25,135.7
2019-02-26,136.0
2019-02-27,136.2
2019-02-28,136.0
2019-03-01,136.1
2019-03-04,136.2
2019-03-05,136.3
2019-03-06,136.2
2019-03-07,136.4
2019-03-08,136.6
2019-03-11,136.9
2019-03-12,136.9
2019-03-13,137.0
2019-03-14,137.0
2019-03-15,137.0
2019-03-18,136.9
2019-03-19,136.9
2019-03-20,136.7
2019-03-21,136.4
2019-03-22,136.4
2019-03-25,136.4
2019-03-26,136.4
2019-03-27,136.3
2019-03-28,136.3
2019-03-29,136.6
2019-04-01,135.9
2019-04-02,135.6
2019-04-03,135.9
2019-04-04,135.8
2019-04-05,136.0
2019-04-08,136.1
2019-04-09,136.4
2019-04-10,136.6
2019-04-11,136.8
2019-04-12,137.3
2019-04-15,137.7
2019-04-16,138.1
2019-04-17,138.1
2019-04-18,138.3
2019-04-19,138.3
2019-04-22,138.4
2019-04-23,138.3
2019-04-24,138.4
2019-04-25,138.6
2019-04-26,138.8
2019-04-29,140.4
2019-04-30,140.5
2019-05-01,140.4
2019-05-02,140.2
2019-05-03,140.0
2019-05-06,139.6
2019-05-07,139.3
2019-05-08,139.6
2019-05-09,139.7
2019-05-10,139.6
2019-05-13,139.5
2019-05-14,139.4
2019-05-15,139.5
2019-05-16,139.6
2019-05-17,139.8
2019-05-20,140.2
2019-05-21,141.4
2019-05-22,141.8
2019-05-23,142.2
2019-05-24,142.3
2019-05-27,142.1
2019-05-28,141.0
2019-05-29,140.7
2019-05-30,140.3
2019-05-31,139.7
2019-06-03,138.2
2019-06-04,137.7
2019-06-05,136.3
2019-06-06,134.0
2019-06-07,134.5
2019-06-10,131.5
2019-06-11,131.0
2019-06-12,130.3
2019-06-13,129.9
2019-06-14,130.3
2019-06-17,130.3
2019-06-18,130.4
2019-06-19,130.5
2019-06-20,130.7
2019-06-21,131.1
2019-06-24,131.9
2019-06-25,132.4
2019-06-26,132.9
2019-06-27,133.4
2019-06-28,133.8
2019-07-01,135.0
2019-07-02,135.0
2019-07-03,135.1
2019-07-04,135.3
2019-07-05,135.0
2019-07-08,134.6
2019-07-09,134.1
2019-07-10,133.7
2019-07-11,133.4
2019-07-12,134.0
2019-07-15,134.3
2019-07-16,135.1
2019-07-17,135.9
2019-07-18,136.3
2019-07-19,136.2
2019-07-22,136.0
2019-07-23,135.7
2019-07-24,135.0
2019-07-25,134.9
2019-07-26,134.6
2019-07-29,135.0
2019-07-30,135.1
2019-07-31,135.4
2019-08-01,135.8
2019-08-02,136.1
2019-08-05,136.5
2019-08-06,137.3
2019-08-07,137.2
2019-08-08,136.9
2019-08-09,135.8
2019-08-12,135.4
2019-08-13,134.8
2019-08-14,133.3
2019-08-15,133.3
2019-08-16,134.0
2019-08-19,134.3
2019-08-20,134.4
2019-08-21,134.9
2019-08-22,134.9
2019-08-23,134.9
2019-08-26,134.8
2019-08-27,134.8
2019-08-28,134.60883158628312
2019-08-29,134.44423174782796
2019-08-30,134.33022244300165
2019-09-02,134.4
2019-09-03,134.6
2019-09-04,134.6
2019-09-05,134.6
2019-09-06,134.6
2019-09-09,134.4
2019-09-10,134.4
2019-09-11,134.4
2019-09-12,134.9
2019-09-13,135.5
2019-09-16,135.7
2019-09-17,135.6
2019-09-18,135.8
2019-09-19,136.8
2019-09-20,137.8
2019-09-23,139.0
2019-09-24,139.4
2019-09-25,140.2
2019-09-26,139.8
2019-09-27,139.8
2019-09-30,139.6
2019-10-01,139.3
2019-10-02,138.9
2019-10-03,138.6
2019-10-04,138.2
2019-10-07,138.0
2019-10-08,137.0
2019-10-09,136.9
2019-10-10,136.4
2019-10-11,136.3
2019-10-14,136.5
2019-10-15,137.1
2019-10-16,137.3
2019-10-17,137.6
2019-10-18,138.1
2019-10-21,138.2
2019-10-22,138.1
2019-10-23,137.8
2019-10-24,137.7
2019-10-25,137.3
2019-10-28,136.9
2019-10-29,136.9
2019-10-30,137.0
2019-10-31,137.2
2019-11-01,137.4
2019-11-04,137.1
2019-11-05,135.9
2019-11-06,135.9
2019-11-07,135.6
2019-11-08,135.5
2019-11-11,135.5
2019-11-12,135.3
2019-11-13,135.1
2019-11-14,134.7
2019-11-15,134.6
2019-11-18,134.4
2019-11-19,134.6
2019-11-20,135.1
2019-11-21,135.2
2019-11-22,135.1
2019-11-25,134.8
2019-11-26,134.8
2019-11-27,135.0
2019-11-28,135.6
2019-11-29,136.1
2019-12-02,136.4
2019-12-03,136.8
2019-12-04,136.9
2019-12-05,136.6
2019-12-06,136.3
2019-12-09,136.1
2019-12-10,136.2
2019-12-11,136.4
2019-12-12,136.5
2019-12-13,137.0
2019-12-16,137.1
2019-12-17,137.0
2019-12-18,137.1
2019-12-19,137.8
2019-12-20,138.5
2019-12-23,139.7
2019-12-24,139.7
2019-12-25,140.1
2019-12-26,140.2
2019-12-27,140.1
2019-12-30,140.4
2019-12-31,141.3
2020-01-01,141.3
2020-01-02,141.3
2020-01-03,141.3
2020-01-06,141.0
2020-01-07,141.0
2020-01-08,141.0
2020-01-09,141.1
2020-01-10,141.3
2020-01-13,141.2
2020-01-14,141.2
2020-01-15,139.8
2020-01-16,138.8
2020-01-17,137.8
2020-01-20,137.0
2020-01-21,135.8
2020-01-22,135.5
2020-01-23,135.3
2020-01-24,135.2
2020-01-27,135.0
2020-01-28,135.0
2020-01-29,133.9
2020-01-30,132.8
2020-01-31,131.9
2020-02-03,131.6
2020-02-04,130.5
2020-02-05,129.8
2020-02-06,129.2
2020-02-07,128.6
2020-02-10,128.3
2020-02-11,128.1
2020-02-12,127.7
2020-02-13,127.7
2020-02-14,127.8
2020-02-17,127.7
2020-02-18,127.9
2020-02-19,128.1
2020-02-20,128.1
2020-02-21,128.3
2020-02-24,128.5
2020-02-25,128.6
2020-02-26,128.5
2020-02-27,128.2
2020-02-28,127.6
2020-03-02,126.2
2020-03-03,124.8
2020-03-04,123.3
2020-03-05,122.8
2020-03-06,122.4
2020-03-09,122.4
2020-03-10,121.2
2020-03-11,118.7
2020-03-12,116.4
2020-03-13,115.3
2020-03-16,113.1
2020-03-17,111.6
2020-03-18,110.7
2020-03-19,110.4
2020-03-20,106.5
2020-03-23,106.1
2020-03-24,106.0
2020-03-25,106.0
2020-03-26,106.1
2020-03-27,106.2
2020-03-30,106.0
2020-03-31,105.2
2020-04-01,104.3
2020-04-02,103.5
2020-04-03,102.5
2020-04-06,101.6
2020-04-07,101.2
2020-04-08,101.1
2020-04-09,101.0
2020-04-10,101.2
2020-04-13,101.2
2020-04-14,100.7
2020-04-15,99.5
2020-04-16,98.0
2020-04-17,96.6
2020-04-20,95.8
2020-04-21,95.5
2020-04-22,94.9
2020-04-23,94.2
2020-04-24,93.4
2020-04-27,93.1
2020-04-28,92.2
2020-04-29,91.8
2020-04-30,91.7
2020-05-01,92.6
2020-05-04,93.1
2020-05-05,93.8
2020-05-06,95.0
2020-05-07,96.7
2020-05-08,97.5
2020-05-11,98.2
2020-05-12,98.6
2020-05-13,98.6
2020-05-14,98.5
2020-05-15,97.3
2020-05-18,96.7
2020-05-19,96.7
2020-05-20,96.9
2020-05-21,98.0
2020-05-22,98.8
2020-05-25,99.3
2020-05-26,100.1
2020-05-27,100.3
2020-05-28,100.6
2020-05-29,100.7
2020-06-01,100.3
2020-06-02,100.2
2020-06-03,100.5
2020-06-04,100.5
2020-06-05,100.9
2020-06-08,101.0
2020-06-09,101.5
2020-06-10,102.1
2020-06-11,102.7
2020-06-12,102.9
2020-06-15,103.5
2020-06-16,103.7
2020-06-17,103.8
2020-06-18,104.2
2020-06-19,104.5
2020-06-22,105.1
2020-06-23,105.4
2020-06-24,106.4
2020-06-25,106.9
2020-06-26,106.9
2020-06-29,106.7
2020-06-30,106.5
2020-07-01,105.8
2020-07-02,105.6
2020-07-03,105.6
2020-07-06,105.9
2020-07-07,106.3
2020-07-08,106.8
2020-07-09,106.9
2020-07-10,106.9
2020-07-13,106.9
2020-07-14,106.9
2020-07-15,106.8
2020-07-16,106.7
2020-07-17,106.7
2020-07-20,106.7
2020-07-21,106.6
2020-07-22,106.4
2020-07-23,106.5
2020-07-24,106.5
2020-07-27,106.6
2020-07-28,106.5
2020-07-29,106.5
2020-07-30,106.2
2020-07-31,106.0
2020-08-03,105.7
2020-08-04,105.7
2020-08-05,105.4
2020-08-06,105.1
2020-08-07,105.0
2020-08-10,104.9
2020-08-11,104.9
2020-08-12,105.0
2020-08-13,105.2
2020-08-14,105.2
2020-08-17,105.3
2020-08-18,105.3
2020-08-19,105.2
2020-08-20,105.1
2020-08-21,105.0
2020-08-24,104.8
2020-08-25,104.7
2020-08-26,104.6
2020-08-27,104.7
2020-08-28,104.7
2020-08-31,104.7
2020-09-01,104.7
2020-09-02,104.5
2020-09-03,104.2
2020-09-04,103.8
2020-09-07,103.3
2020-09-08,102.8
2020-09-09,102.1
2020-09-10,101.0
2020-09-11,100.0
2020-09-14,99.4
2020-09-15,98.8
2020-09-16,98.2
2020-09-17,97.9
2020-09-18,97.9
2020-09-21,98.0
2020-09-22,98.3
2020-09-23,98.6
2020-09-24,98.8
2020-09-25,99.1
2020-09-28,99.2
2020-09-29,99.3
2020-09-30,99.5
2020-10-01,99.8
2020-10-02,99.8
2020-10-05,99.9
2020-10-06,99.8
2020-10-07,99.4
2020-10-08,99.5
2020-10-09,99.6
2020-10-12,100.1
2020-10-13,100.4
2020-10-14,100.8
2020-10-15,101.1
2020-10-16,101.2
2020-10-19,101.3
2020-10-20,101.4
2020-10-21,101.5
2020-10-22,101.6
2020-10-23,101.6
2020-10-26,101.6
2020-10-27,101.4
2020-10-28,100.8
2020-10-29,100.2
2020-10-30,99.7
2020-11-02,99.5
2020-11-03,98.9
2020-11-04,98.3
2020-11-05,98.3
2020-11-06,98.3
2020-11-09,98.4
2020-11-10,98.6
2020-11-11,99.1
2020-11-12,99.6
2020-11-13,100.7
2020-11-16,101.3
2020-11-17,101.6
2020-11-18,102.4
2020-11-19,102.9
2020-11-20,102.9
2020-11-23,103.0
2020-11-24,103.3
2020-11-25,103.5
2020-11-26,104.2
2020-11-27,104.9
2020-11-30,105.2
2020-12-01,106.0
2020-12-02,106.3
2020-12-03,106.5
2020-12-04,106.6
2020-12-07,106.6
2020-12-08,106.8
2020-12-09,106.9
2020-12-10,107.2
2020-12-11,107.6
2020-12-14,107.8
2020-12-15,108.1
2020-12-16,108.4
2020-12-17,108.6
2020-12-18,108.9
2020-12-21,109.3
2020-12-22,109.5
2020-12-23,109.5
2020-12-24,109.4
2020-12-25,109.3
2020-12-28,109.3
2020-12-29,109.4
2020-12-30,109.4
2020-12-31,109.6
2021-01-01,109.7
2021-01-04,109.8
2021-01-05,109.6
2021-01-06,109.5
2021-01-07,109.3
2021-01-08,109.1
2021-01-11,109.2
2021-01-12,109.4
2021-01-13,109.8
2021-01-14,110.4
2021-01-15,111.0
2021-01-18,111.4
2021-01-19,111.9
2021-01-20,112.2
2021-01-21,112.2
2021-01-22,112.3
2021-01-25,112.2
2021-01-26,112.1
2021-01-27,112.0
2021-01-28,111.8
2021-01-29,111.7
2021-02-01,112.1
2021-02-02,112.3
2021-02-03,112.7
2021-02-04,113.2
2021-02-05,113.8
2021-02-08,114.4
2021-02-09,115.5
2021-02-10,116.3
2021-02-11,117.0
2021-02-12,117.5
2021-02-15,117.9
2021-02-16,118.1
2021-02-17,118.5
2021-02-18,118.8
2021-02-19,119.3
2021-02-22,119.6
2021-02-23,119.8
2021-02-24,119.8
2021-02-25,119.9
2021-02-26,120.1
2021-03-01,120.2
2021-03-02,120.5
2021-03-03,120.7
2021-03-04,120.8
2021-03-05,120.7
2021-03-08,120.6
2021-03-09,120.8
2021-03-10,121.2
2021-03-11,121.7
2021-03-12,121.9
2021-03-15,122.4
2021-03-16,123.3
2021-03-17,123.3
2021-03-18,123.2
2021-03-19,123.1
2021-03-22,123.1
2021-03-23,122.4
2021-03-24,121.2
2021-03-25,120.4
2021-03-26,119.6
2021-03-29,119.3
2021-03-30,119.0
2021-03-31,119.0
2021-04-01,119.3
2021-04-02,119.4
2021-04-05,119.4
2021-04-06,119.4
2021-04-07,119.5
2021-04-08,119.2
2021-04-09,119.1
2021-04-12,119.2
2021-04-13,119.2
2021-04-14,119.2
2021-04-15,119.3
2021-04-16,119.7
2021-04-19,120.1
2021-04-20,120.5
2021-04-21,121.0
2021-04-22,121.3
2021-04-23,121.3
2021-04-26,121.1
2021-04-27,120.9
2021-04-28,120.7
2021-04-29,120.5
2021-04-30,120.5
2021-05-03,120.8
2021-05-04,121.3
2021-05-05,121.8
2021-05-06,122.3
2021-05-07,123.2
2021-05-10,123.5
2021-05-11,123.7
2021-05-12,123.9
2021-05-13,123.9
2021-05-14,123.9
2021-05-17,123.9
2021-05-18,124.0
2021-05-19,124.4
2021-05-20,124.8
2021-05-21,124.9
2021-05-24,124.8
2021-05-25,124.6
2021-05-26,124.6
2021-05-27,124.6
2021-05-28,124.6
2021-05-31,124.6
2021-06-01,125.3
2021-06-02,125.6
2021-06-03,126.0
2021-06-04,126.4
2021-06-07,126.7
2021-06-08,127.3
2021-06-09,127.6
2021-06-10,127.8
2021-06-11,128.0
2021-06-14,128.1
2021-06-15,128.2
2021-06-16,128.4
2021-06-17,128.6
2021-06-18,129.1
2021-06-21,129.6
2021-06-22,129.9
2021-06-23,130.3
2021-06-24,130.6
2021-06-25,131.1
2021-06-28,131.4
2021-06-29,131.6
2021-06-30,131.7
2021-07-01,131.6
2021-07-02,131.5
2021-07-05,131.6
2021-07-06,131.9
2021-07-07,132.1
2021-07-08,132.7
2021-07-09,132.8
2021-07-12,132.5
2021-07-13,132.4
2021-07-14,132.2
2021-07-15,132.2
2021-07-16,132.5
2021-07-19,132.5
2021-07-20,132.5
2021-07-21,132.5
2021-07-22,132.3
2021-07-23,131.8
2021-07-26,131.7
2021-07-27,131.8
2021-07-28,131.8
2021-07-29,132.4
2021-07-30,132.7
2021-08-02,133.3
2021-08-03,134.0
2021-08-04,133.8
2021-08-05,134.4
2021-08-06,134.2
2021-08-09,134.1
2021-08-10,133.1
2021-08-11,132.5
2021-08-12,132.3
2021-08-13,132.2
2021-08-16,132.3
2021-08-17,132.3
2021-08-18,132.1
2021-08-19,132.1
2021-08-20,132.1
2021-08-23,131.5
2021-08-24,131.5
2021-08-25,131.3
2021-08-26,131.4
2021-08-27,131.8
2021-08-30,132.1
2021-08-31,133.2
2021-09-01,133.9
2021-09-02,134.3
2021-09-03,134.6
2021-09-06,134.7
2021-09-07,134.8
2021-09-08,134.8
2021-09-09,134.8
2021-09-10,134.7
2021-09-13,134.8
2021-09-14,134.7
2021-09-15,135.2
2021-09-16,135.5
2021-09-17,136.1
2021-09-20,136.5
2021-09-21,137.3
2021-09-22,137.7
2021-09-23,138.2
2021-09-24,138.7
2021-09-27,139.2
2021-09-28,140.0
2021-09-29,140.7
2021-09-30,142.0
2021-10-01,142.4
2021-10-04,143.8
2021-10-05,144.1
2021-10-06,145.0
2021-10-07,146.0
2021-10-08,146.9
2021-10-11,147.1
2021-10-12,148.1
2021-10-13,149.0
2021-10-14,149.5
2021-10-15,149.7
2021-10-18,150.4
2021-10-19,150.7
2021-10-20,150.9
2021-10-21,151.0
2021-10-22,150.8
2021-10-25,150.6
2021-10-26,150.4
2021-10-27,150.0
2021-10-28,149.8
2021-10-29,149.5
2021-11-01,149.3
2021-11-02,148.7
2021-11-03,148.3
2021-11-04,148.1
2021-11-05,148.1
2021-11-08,148.0
2021-11-09,148.0
2021-11-10,148.2
2021-11-11,148.6
2021-11-12,149.1
2021-11-15,149.4
2021-11-16,149.3
2021-11-17,148.8
2021-11-18,148.4
2021-11-19,147.7
2021-11-22,147.1
2021-11-23,146.7
2021-11-24,146.2
2021-11-25,145.8
2021-11-26,146.0
2021-11-29,146.0
2021-11-30,145.1
2021-12-01,144.3
2021-12-02,142.9
2021-12-03,141.2
2021-12-06,139.9
2021-12-07,139.4
2021-12-08,139.3
2021-12-09,140.1
2021-12-10,141.0
2021-12-13,141.9
2021-12-14,142.8
2021-12-15,143.5
2021-12-16,143.9
2021-12-17,143.8
2021-12-20,143.9
2021-12-21,143.9
2021-12-22,143.0
2021-12-23,142.7
2021-12-24,142.6
2021-12-27,142.4
2021-12-28,142.4
2021-12-29,143.1
2021-12-30,144.0
2021-12-31,145.5
2022-01-03,146.1
2022-01-04,146.4
2022-01-05,147.0
2022-01-06,147.4
2022-01-07,147.8
2022-01-10,148.4
2022-01-11,149.3
2022-01-12,150.1
2022-01-13,150.9
2022-01-14,151.8
2022-01-17,152.8
2022-01-18,153.7
2022-01-19,155.0
2022-01-20,156.0
2022-01-21,157.1
2022-01-24,157.8
2022-01-25,158.1
2022-01-26,158.5
2022-01-27,158.5
2022-01-28,159.1
2022-01-31,160.6
2022-02-01,162.5
2022-02-02,163.6
2022-02-03,164.3
2022-02-04,164.8
2022-02-07,165.2
2022-02-08,166.0
2022-02-09,166.7
2022-02-10,166.9
2022-02-11,167.0
2022-02-14,167.3
2022-02-15,167.5
2022-02-16,168.0
2022-02-17,168.5
2022-02-18,168.9
2022-02-21,168.7
2022-02-22,168.4
2022-02-23,168.1
2022-02-24,168.3
2022-02-25,168.0
2022-02-28,169.1
2022-03-01,170.4
2022-03-02,171.3
2022-03-03,173.1
2022-03-04,177.8
2022-03-07,179.6
2022-03-08,188.5
2022-03-09,194.1
2022-03-10,202.2
2022-03-11,211.2
2022-03-14,213.8
2022-03-15,212.5
2022-03-16,207.5
2022-03-17,203.2
2022-03-18,194.4
2022-03-21,192.0
2022-03-22,189.3
2022-03-23,191.0
2022-03-24,194.4
2022-03-25,197.9
2022-03-28,202.0
2022-03-29,202.4
2022-03-30,190.6
2022-03-31,178.1
2022-04-01,176.6
2022-04-04,175.1
2022-04-05,173.3
2022-04-06,172.5
2022-04-07,172.7
2022-04-08,172.8
2022-04-11,171.7
2022-04-12,171.1
2022-04-13,170.4
2022-04-14,170.6
2022-04-15,171.1
2022-04-18,171.9
2022-04-19,175.3
2022-04-20,180.8
2022-04-21,183.9
2022-04-22,185.6
2022-04-25,186.2
2022-04-26,186.1
2022-04-27,184.8
2022-04-28,184.6
2022-04-29,185.8
2022-05-02,187.4
2022-05-03,189.8
2022-05-04,190.1
2022-05-05,193.0
2022-05-06,196.8
2022-05-09,198.3
2022-05-10,199.3
2022-05-11,199.1
2022-05-12,198.3
2022-05-13,197.7
2022-05-16,196.6
2022-05-17,196.3
2022-05-18,196.3
2022-05-19,195.1
2022-05-20,193.1
2022-05-23,190.7
2022-05-24,188.7
2022-05-25,187.4
2022-05-26,186.1
2022-05-27,185.9
2022-05-30,186.5
2022-05-31,188.3
2022-06-01,190.9
2022-06-02,194.3
2022-06-03,197.1
2022-06-06,198.9
2022-06-07,202.3
2022-06-08,205.2
2022-06-09,207.3
2022-06-10,209.1
2022-06-13,211.2
2022-06-14,213.9
2022-06-15,215.3
2022-06-16,218.3
2022-06-17,220.9
2022-06-20,223.3
2022-06-21,224.8
2022-06-22,226.5
2022-06-23,227.6
2022-06-24,227.2
2022-06-27,227.4
2022-06-28,227.4
2022-06-29,227.1
2022-06-30,225.9
2022-07-01,224.9
2022-07-04,223.6
2022-07-05,220.5
2022-07-06,217.9
2022-07-07,214.8
2022-07-08,212.3
2022-07-11,206.3
2022-07-12,203.9
2022-07-13,201.5
2022-07-14,198.9
2022-07-15,198.0
2022-07-18,197.6
2022-07-19,196.2
2022-07-20,195.8
2022-07-21,194.5
2022-07-22,193.0
2022-07-25,191.0
2022-07-26,189.0
2022-07-27,186.4
2022-07-28,185.0
2022-07-29,184.2
2022-08-01,185.2
2022-08-02,186.2
2022-08-03,186.9
2022-08-04,185.7
2022-08-05,184.6
2022-08-08,184.0
2022-08-09,181.8
2022-08-10,178.9
2022-08-11,178.1
2022-08-12,176.5
2022-08-15,175.5
2022-08-16,175.9
2022-08-17,176.7
2022-08-18,177.2
2022-08-19,177.9
2022-08-22,179.7
2022-08-23,181.2
2022-08-24,183.6
2022-08-25,186.7
2022-08-26,190.1
2022-08-29,194.0
2022-08-30,196.9
2022-08-31,199.3
2022-09-01,200.0
2022-09-02,199.8
2022-09-05,196.7
2022-09-06,195.5
2022-09-07,194.4
2022-09-08,193.6
2022-09-09,192.4
2022-09-12,192.2
2022-09-13,192.0
2022-09-14,191.6
2022-09-15,191.4
2022-09-16,189.8
2022-09-19,186.2
2022-09-20,182.8
2022-09-21,179.2
2022-09-22,177.0
2022-09-23,176.8
2022-09-26,177.1
2022-09-27,177.7
2022-09-28,184.9
2022-09-29,203.6
2022-09-30,203.5
2022-10-03,203.5
2022-10-04,203.2
2022-10-05,204.4
2022-10-06,206.0
2022-10-07,208.3
2022-10-10,212.4
2022-10-11,216.9
2022-10-12,221.3
2022-10-13,223.3
2022-10-14,226.3
2022-10-17,227.3
2022-10-18,227.3
2022-10-19,227.0
2022-10-20,227.1
2022-10-21,226.4
2022-10-24,226.5
2022-10-25,225.3
2022-10-26,224.2
2022-10-27,222.3
2022-10-28,221.8
2022-10-31,220.6
2022-11-01,220.3
2022-11-02,220.6
2022-11-03,220.2
2022-11-04,219.7
2022-11-07,219.3
2022-11-08,219.4
2022-11-09,219.2
2022-11-10,218.7
2022-11-11,218.6
2022-11-14,218.2
2022-11-15,216.9
2022-11-16,215.8
2022-11-17,213.6
2022-11-18,211.4
2022-11-21,209.8
2022-11-22,207.7
2022-11-23,206.0
2022-11-24,204.4
2022-11-25,202.9
2022-11-28,200.8
2022-11-29,198.8
2022-11-30,196.6
2022-12-01,195.2
2022-12-02,194.0
2022-12-05,193.8
2022-12-06,193.6
2022-12-07,193.7
2022-12-08,193.1
2022-12-09,192.0
2022-12-12,189.4
2022-12-13,187.2
2022-12-14,184.7
2022-12-15,184.2
2022-12-16,185.3
2022-12-19,187.1
2022-12-20,189.5
2022-12-21,192.3
2022-12-22,193.0
2022-12-23,193.1
2022-12-26,192.9
2022-12-27,192.5
2022-12-28,192.2
2022-12-29,192.2
2022-12-30,193.3
2023-01-02,193.8
2023-01-03,194.3
2023-01-04,194.6
2023-01-05,193.1
2023-01-06,189.9
2023-01-09,188.9
2023-01-10,186.2
2023-01-11,184.5
2023-01-12,182.9
2023-01-13,182.5
2023-01-16,182.8
2023-01-17,184.1
2023-01-18,185.6
2023-01-19,186.2
2023-01-20,186.8
2023-01-23,187.6
2023-01-24,188.0
2023-01-25,188.0
2023-01-26,188.4
2023-01-27,189.1
2023-01-30,189.5
2023-01-31,189.4
2023-02-01,189.1
2023-02-02,188.0
2023-02-03,187.2
2023-02-06,185.8
2023-02-07,183.9
2023-02-08,182.9
2023-02-09,181.9
2023-02-10,181.0
2023-02-13,181.0
2023-02-14,180.5
2023-02-15,180.7
2023-02-16,181.3
2023-02-17,181.5
2023-02-20,181.5
2023-02-21,180.8
2023-02-22,180.2
2023-02-23,179.2
2023-02-24,178.4
2023-02-27,178.0
2023-02-28,178.1
2023-03-01,179.0
2023-03-02,179.8
2023-03-03,180.4
2023-03-06,181.8
2023-03-07,182.4
2023-03-08,183.2
2023-03-09,183.7
2023-03-10,183.7
2023-03-13,183.4
2023-03-14,182.2
2023-03-15,181.2
2023-03-16,180.2
2023-03-17,178.8
2023-03-20,177.5
2023-03-21,176.3
2023-03-22,174.4
2023-03-23,173.8
2023-03-24,173.4
2023-03-27,173.6
2023-03-28,173.8
2023-03-29,174.7
2023-03-30,175.5
2023-03-31,175.7
2023-04-03,175.7
2023-04-04,176.0
2023-04-05,176.9
2023-04-06,177.1
2023-04-07,177.4
2023-04-10,177.6
2023-04-11,178.4
2023-04-12,178.4
2023-04-13,178.3
2023-04-14,178.1
2023-04-17,178.0
2023-04-18,177.3
2023-04-19,176.7
2023-04-20,175.9
2023-04-21,174.8
2023-04-24,174.3
2023-04-25,173.2
2023-04-26,172.6
2023-04-27,171.9
2023-04-28,171.5
2023-05-01,170.9
2023-05-02,170.3
2023-05-03,169.5
2023-05-04,168.2
2023-05-05,166.1
2023-05-08,164.5
2023-05-09,163.4
2023-05-10,162.8
2023-05-11,162.4
2023-05-12,162.7
2023-05-15,163.3
2023-05-16,163.6
2023-05-17,163.9
2023-05-18,164.1
2023-05-19,164.4
2023-05-22,164.9
2023-05-23,166.0
2023-05-24,166.1
2023-05-25,166.4
2023-05-26,166.8
2023-05-29,167.0
2023-05-30,167.4
2023-05-31,167.5
2023-06-01,167.6
2023-06-02,167.2
2023-06-05,166.6
2023-06-06,166.2
2023-06-07,166.3
2023-06-08,165.8
2023-06-09,166.1
2023-06-12,166.5
2023-06-13,166.2
2023-06-14,165.6
2023-06-15,165.3
2023-06-16,164.9
2023-06-19,164.4
2023-06-20,164.6
2023-06-21,165.1
2023-06-22,165.5
2023-06-23,165.7
2023-06-26,166.4
2023-06-27,166.3
2023-06-28,166.1
2023-06-29,166.2
2023-06-30,165.9
2023-07-03,165.5
2023-07-04,165.9
2023-07-05,166.6
2023-07-06,166.3
2023-07-07,166.6
2023-07-10,167.0
2023-07-11,167.6
2023-07-12,168.7
2023-07-13,169.5
2023-07-14,171.1
2023-07-17,171.8
2023-07-18,172.2
2023-07-19,172.2
2023-07-20,172.1
2023-07-21,172.3
2023-07-24,172.9
2023-07-25,173.7
2023-07-26,175.9
2023-07-27,177.7
2023-07-28,179.4
2023-07-31,181.0
2023-08-01,184.0
2023-08-02,186.1
2023-08-03,189.1
2023-08-04,191.2
2023-08-07,194.0
2023-08-08,196.0
2023-08-09,196.7
2023-08-10,196.9
2023-08-11,196.8
2023-08-14,198.3
2023-08-15,199.0
2023-08-16,199.2
2023-08-17,200.1
2023-08-18,200.2
2023-08-21,199.8
2023-08-22,200.1
2023-08-23,200.5
2023-08-24,200.7
2023-08-25,200.9
2023-08-28,201.0
2023-08-29,201.3
2023-08-30,202.0
2023-08-31,202.4
2023-09-01,202.4
2023-09-04,202.4
2023-09-05,201.8
2023-09-06,201.7
2023-09-07,201.7
2023-09-08,202.9
2023-09-11,203.6
2023-09-12,205.5
2023-09-13,206.2
2023-09-14,207.9
2023-09-15,208.9
2023-09-18,209.9
2023-09-19,210.8
2023-09-20,211.4
2023-09-21,210.9
2023-09-22,210.6
2023-09-25,210.2
2023-09-26,210.0
2023-09-27,209.9
2023-09-28,209.3
2023-09-29,209.8
2023-10-02,210.2
2023-10-03,210.5
2023-10-04,210.9
2023-10-05,210.7
2023-10-06,209.9
2023-10-09,206.5
2023-10-10,204.5
2023-10-11,202.9
2023-10-12,200.2
2023-10-13,199.1
2023-10-16,199.0
2023-10-17,200.7
2023-10-18,202.0
2023-10-19,202.7
2023-10-20,203.8
2023-10-23,204.2
2023-10-24,204.4
2023-10-25,204.0
2023-10-26,202.8
2023-10-27,201.6
2023-10-30,200.9
2023-10-31,200.2
2023-11-01,198.6
2023-11-02,197.8
2023-11-03,197.1
2023-11-06,196.1
2023-11-07,195.4
2023-11-08,194.3
2023-11-09,192.5
2023-11-10,191.0
2023-11-13,187.8
2023-11-14,186.4
2023-11-15,185.6
2023-11-16,184.5
2023-11-17,184.1
2023-11-20,183.8
2023-11-21,183.0
2023-11-22,182.7
2023-11-23,182.4
2023-11-24,182.6
2023-11-27,182.6
2023-11-28,182.7
2023-11-29,182.2
2023-11-30,181.6
2023-12-01,181.4
2023-12-04,181.1
2023-12-05,180.2
2023-12-06,179.3
2023-12-07,178.6
2023-12-08,177.7
2023-12-11,176.7
2023-12-12,176.4
2023-12-13,176.1
2023-12-14,175.9
2023-12-15,175.4
2023-12-18,175.3
2023-12-19,175.2
2023-12-20,175.2
2023-12-21,175.4
2023-12-22,176.2
2023-12-25,176.2
2023-12-26,176.3
2023-12-27,176.3
2023-12-28,176.0
2023-12-29,175.4
2024-01-01,174.9
2024-01-02,174.2
2024-01-03,173.3
2024-01-04,172.9
2024-01-05,172.7
2024-01-08,173.4
2024-01-09,173.9
2024-01-10,174.3
2024-01-11,174.6
2024-01-12,175.4
2024-01-15,175.8
2024-01-16,176.7
2024-01-17,177.4
2024-01-18,178.5
2024-01-19,178.8
2024-01-22,180.0
2024-01-23,180.4
2024-01-24,181.0
2024-01-25,181.9
2024-01-26,182.3
2024-01-29,182.8
2024-01-30,184.7
2024-01-31,185.8
2024-02-01,186.3
2024-02-02,187.2
2024-02-05,188.1
2024-02-06,188.3
2024-02-07,187.9
2024-02-08,188.0
2024-02-09,188.0
2024-02-12,188.4
2024-02-13,189.4
2024-02-14,190.1
2024-02-15,190.9
2024-02-16,191.7
2024-02-19,191.5
2024-02-20,191.2
2024-02-21,190.8
2024-02-22,189.7
2024-02-23,188.4
2024-02-26,187.8
2024-02-27,187.1
2024-02-28,186.7
2024-02-29,186.6
2024-03-01,186.4
2024-03-04,186.1
2024-03-05,186.0
2024-03-06,186.0
2024-03-07,185.3
2024-03-08,185.1
2024-03-11,184.7
2024-03-12,184.0
2024-03-13,183.6
2024-03-14,183.3
2024-03-15,183.1
2024-03-18,183.1
2024-03-19,183.4
2024-03-20,184.4
2024-03-21,185.3
2024-03-22,185.8
2024-03-25,185.9
2024-03-26,185.9
2024-03-27,185.5
2024-03-28,185.0
2024-03-29,184.4
2024-04-01,184.4
2024-04-02,184.3
2024-04-03,183.9
2024-04-04,185.0
2024-04-05,185.7
2024-04-08,186.3
2024-04-09,187.1
2024-04-10,187.7
2024-04-11,187.8
2024-04-12,188.0
2024-04-15,188.0
2024-04-16,187.8
2024-04-17,187.8
2024-04-18,188.0
2024-04-19,187.8
2024-04-22,187.1
2024-04-23,185.9
2024-04-24,184.9
2024-04-25,184.7
2024-04-26,183.8
2024-04-29,183.4
2024-04-30,182.9
2024-05-01,182.5
2024-05-02,182.3
2024-05-03,181.5
2024-05-06,180.6
2024-05-07,179.2
2024-05-08,178.4
2024-05-09,177.6
2024-05-10,177.1
2024-05-13,177.2
2024-05-14,177.1
2024-05-15,177.0
2024-05-16,177.0
2024-05-17,176.6
2024-05-20,176.2
2024-05-21,176.0
2024-05-22,175.9
2024-05-23,175.7
2024-05-24,175.7
2024-05-27,175.6
2024-05-28,175.2
2024-05-29,175.2
2024-05-30,175.6
2024-05-31,175.8
2024-06-03,175.9
2024-06-04,175.9
2024-06-05,175.4
2024-06-06,173.8
2024-06-07,172.8
2024-06-10,172.5
2024-06-11,171.8
2024-06-12,172.4
2024-06-13,173.5
2024-06-14,174.6
2024-06-17,175.1
2024-06-18,176.2
2024-06-19,177.0
2024-06-20,177.5
2024-06-21,178.3
2024-06-24,178.7
2024-06-25,178.9
2024-06-26,179.2
2024-06-27,179.4
2024-06-28,179.6
2024-07-01,179.6
2024-07-02,180.3
2024-07-03,180.4
2024-07-04,180.9
2024-07-05,181.1
2024-07-08,180.9
2024-07-09,180.6
2024-07-10,180.1
2024-07-11,178.8
2024-07-12,178.2
2024-07-15,177.4
2024-07-16,176.5
2024-07-17,176.0
2024-07-18,175.6
2024-07-19,175.3
2024-07-22,175.1
2024-07-23,174.7
2024-07-24,174.1
2024-07-25,173.9
2024-07-26,173.6
2024-07-29,173.6
2024-07-30,173.8
2024-07-31,173.7
2024-08-01,173.4
2024-08-02,173.4
2024-08-05,174.1
2024-08-06,173.8
2024-08-07,172.7
2024-08-08,172.2
2024-08-09,171.3
2024-08-12,170.9
2024-08-13,170.4
2024-08-14,170.6
2024-08-15,171.1
2024-08-16,171.6
2024-08-19,171.6
2024-08-20,171.3
2024-08-21,170.6
2024-08-22,169.4
2024-08-23,167.7
2024-08-26,166.6
2024-08-27,165.4
2024-08-28,165.2
2024-08-29,165.1
2024-08-30,164.9
2024-09-02,164.8
2024-09-03,164.5
2024-09-04,163.8
2024-09-05,163.0
2024-09-06,162.3
2024-09-09,161.9
2024-09-10,160.9
2024-09-11,160.1
2024-09-12,159.0
2024-09-13,158.4
2024-09-16,158.1
2024-09-17,157.5
2024-09-18,157.1
2024-09-19,157.0
2024-09-20,157.1
2024-09-23,157.2
2024-09-24,157.3
2024-09-25,157.5
2024-09-26,157.8
2024-09-27,157.8
2024-09-30,157.5
2024-10-01,157.3
2024-10-02,156.9
2024-10-03,157.0
2024-10-04,157.2
2024-10-07,158.2
2024-10-08,159.9
2024-10-09,161.3
2024-10-10,163.1
2024-10-11,164.6
2024-10-14,165.3
2024-10-15,165.9
2024-10-16,165.4
2024-10-17,164.5
2024-10-18,163.8
2024-10-21,163.2
2024-10-22,162.2
2024-10-23,161.4
2024-10-24,161.4
2024-10-25,162.0
2024-10-28,162.3
2024-10-29,162.6
2024-10-30,162.8
2024-10-31,162.9
2024-11-01,162.8
2024-11-04,163.0
2024-11-05,164.5
2024-11-06,165.2
2024-11-07,166.4
2024-11-08,166.7
2024-11-11,166.8
2024-11-12,166.6
2024-11-13,166.2
2024-11-14,165.4
2024-11-15,165.2
2024-11-18,165.1
2024-11-19,165.0
2024-11-20,164.8
2024-11-21,165.3
2024-11-22,165.8
2024-11-25,166.3
2024-11-26,166.8
2024-11-27,167.5
2024-11-28,167.6
2024-11-29,167.5
2024-12-02,167.2
2024-12-03,166.7
2024-12-04,166.2
2024-12-05,165.8
2024-12-06,165.6
2024-12-09,165.6
2024-12-10,165.5
2024-12-11,165.5
2024-12-12,165.6
2024-12-13,165.8
2024-12-16,166.3
2024-12-17,167.3
2024-12-18,168.3
2024-12-19,169.2
2024-12-20,169.8
2024-12-23,170.5
2024-12-24,170.8
2024-12-25,171.1
2024-12-26,171.1
2024-12-27,171.1
2024-12-30,171.3
2024-12-31,171.3
2025-01-01,171.1
2025-01-02,171.2
2025-01-03,171.8
2025-01-06,172.8
2025-01-07,173.7
2025-01-08,174.7
2025-01-09,175.0
2025-01-10,175.3
2025-01-13,175.5
2025-01-14,175.6
2025-01-15,176.9
2025-01-16,178.1
2025-01-17,179.4
2025-01-20,180.8
2025-01-21,181.9
2025-01-22,182.5
2025-01-23,182.7
2025-01-24,182.3
2025-01-27,181.6
2025-01-28,181.3
2025-01-29,178.9
2025-01-30,177.8
2025-01-31,176.9
2025-02-03,176.7
2025-02-04,176.3
2025-02-05,176.2
2025-02-06,175.9
2025-02-07,175.6
2025-02-10,175.1
2025-02-11,174.6
2025-02-12,174.1
2025-02-13,174.0
2025-02-14,174.2
2025-02-17,174.3
2025-02-18,174.5
2025-02-19,174.4
2025-02-20,174.3
2025-02-21,174.0
2025-02-24,173.9
2025-02-25,173.9
2025-02-26,173.6
2025-02-27,173.4
2025-02-28,172.5
2025-03-03,171.9
2025-03-04,171.7
2025-03-05,171.1
2025-03-06,170.7
2025-03-07,170.3
2025-03-10,169.8
2025-03-11,169.4
2025-03-12,168.7
2025-03-13,168.0
2025-03-14,167.6
2025-03-17,167.4
2025-03-18,167.3
2025-03-19,167.2
2025-03-20,167.0
2025-03-21,166.8
2025-03-24,166.7
2025-03-25,166.8
2025-03-26,167.1
2025-03-27,167.6
2025-03-28,168.2
2025-03-31,168.8
2025-04-01,169.2
2025-04-02,169.3
2025-04-03,169.8
2025-04-04,170.1
2025-04-07,170.2
2025-04-08,169.5
2025-04-09,168.0
2025-04-10,166.8
2025-04-11,165.4
2025-04-14,163.7
2025-04-15,163.3
2025-04-16,161.8
2025-04-17,161.2
2025-04-18,160.8
2025-04-21,160.8
2025-04-22,160.8
2025-04-23,161.1
2025-04-24,161.0
2025-04-25,161.2
2025-04-28,161.3
2025-04-29,161.3
2025-04-30,161.4
2025-05-01,161.3
2025-05-02,160.6
2025-05-05,160.2
2025-05-06,159.5
2025-05-07,157.9
2025-05-08,156.8
2025-05-09,156.2
2025-05-12,155.7
2025-05-13,155.8
2025-05-14,155.8
2025-05-15,156.6
2025-05-16,157.7
2025-05-19,158.8
2025-05-20,159.4
2025-05-21,159.7
2025-05-22,159.9
2025-05-23,159.9
2025-05-26,159.6
2025-05-27,159.2
2025-05-28,158.6
2025-05-29,158.1
2025-05-30,157.7
2025-06-02,157.9
2025-06-03,157.9
2025-06-04,158.1
2025-06-05,158.4
2025-06-06,158.8
2025-06-09,158.8
2025-06-10,158.8
2025-06-11,159.2
2025-06-12,159.6
2025-06-13,159.8
2025-06-16,160.3
2025-06-17,161.3
2025-06-18,163.3
2025-06-19,165.2
2025-06-20,167.7
2025-06-23,170.4
2025-06-24,172.5
2025-06-25,174.7
2025-06-26,174.6
2025-06-27,173.4
2025-06-30,172.4
2025-07-01,170.2
2025-07-02,167.8
2025-07-03,166.7
2025-07-04,166.2
2025-07-07,166.4
2025-07-08,166.4
2025-07-09,166.8
2025-07-10,167.4
2025-07-11,168.2
2025-07-14,168.7
2025-07-15,168.9
2025-07-16,169.2
2025-07-17,169.2
2025-07-18,169.1
2025-07-21,169.1
2025-07-22,169.6
2025-07-23,170.0
2025-07-24,170.5
2025-07-25,170.7
2025-07-28,170.7
2025-07-29,170.3
2025-07-30,169.9
2025-07-31,169.6
2025-08-01,169.9
2025-08-04,171.4
2025-08-05,171.7
2025-08-06,172.2
2025-08-07,172.1
2025-08-08,171.5
2025-08-11,170.1
2025-08-12,168.9
2025-08-13,167.5
2025-08-14,166.6
2025-08-15,165.6
2025-08-18,165.1
2025-08-19,164.7
2025-08-20,164.1
2025-08-21,163.6
2025-08-22,163.8
2025-08-25,164.1
2025-08-26,164.8
2025-08-27,165.8
2025-08-28,166.5
2025-08-29,166.7
2025-09-01,166.6
2025-09-02,166.4
2025-09-03,166.2
2025-09-04,166.4
2025-09-05,166.7
2025-09-08,167.2
2025-09-09,167.6
2025-09-10,168.0
2025-09-11,168.2
2025-09-12,168.1
2025-09-15,167.9
2025-09-16,167.6
2025-09-17,167.2
2025-09-18,167.1
2025-09-19,167.1
2025-09-22,167.0
2025-09-23,167.1
2025-09-24,167.1
2025-09-25,167.0
2025-09-26,166.9
2025-09-29,167.2
2025-09-30,167.8
2025-10-01,169.0
2025-10-02,169.1
2025-10-03,169.6
2025-10-06,169.6
2025-10-07,168.9
2025-10-08,167.8
2025-10-09,167.1
2025-10-10,166.7
2025-10-13,166.6
2025-10-14,166.7
2025-10-15,166.6
2025-10-16,166.5
2025-10-17,166.3
2025-10-20,165.7
2025-10-21,165.1
2025-10-22,164.5
2025-10-23,164.0
2025-10-24,164.0
2025-10-27,165.0
2025-10-28,166.8
2025-10-29,167.8
2025-10-30,169.7
2025-10-31,171.0
2025-11-03,171.7
2025-11-04,171.9
2025-11-05,172.3
2025-11-06,172.3
2025-11-07,172.8
2025-11-10,173.3
2025-11-11,173.9
2025-11-12,175.0
2025-11-13,175.6
2025-11-14,176.3
2025-11-17,176.6
2025-11-18,176.3
2025-11-19,176.2
2025-11-20,176.1
2025-11-21,176.5
2025-11-24,177.1
2025-11-25,177.1
2025-11-26,176.0
2025-11-27,174.7
2025-11-28,172.6
2025-12-01,170.4
2025-12-02,169.2
2025-12-03,168.1
2025-12-04,167.6
2025-12-05,167.4
2025-12-08,166.8
2025-12-09,166.5
2025-12-10,166.0
2025-12-11,165.3
2025-12-12,164.5
2025-12-15,163.8
2025-12-16,163.2
2025-12-17,162.1
2025-12-18,161.1
2025-12-19,160.0
2025-12-22,159.3
2025-12-23,158.8
2025-12-24,158.0
2025-12-25,157.7
2025-12-26,157.6
2025-12-29,157.7
2025-12-30,157.7
2025-12-31,157.4
2026-01-01,157.4
2026-01-02,157.4
2026-01-05,157.2
2026-01-06,157.1
2026-01-07,157.0
2026-01-08,156.8
2026-01-09,156.4
2026-01-12,156.0
2026-01-13,155.8
2026-01-14,156.0
2026-01-15,156.2
2026-01-16,157.2
2026-01-19,158.3
2026-01-20,158.6
2026-01-21,159.7
2026-01-22,160.2
2026-01-23,160.5
2026-01-26,160.9
2026-01-27,160.9
2026-01-28,161.3
2026-01-29,161.2
2026-01-30,161.0
2026-02-02,162.0
2026-02-03,162.0
2026-02-04,162.3
2026-02-05,162.5
2026-02-06,162.6
2026-02-09,162.9
2026-02-10,163.1
2026-02-11,163.2
2026-02-12,163.2
2026-02-13,163.2
2026-02-16,163.2
2026-02-17,162.8
2026-02-18,162.1
2026-02-19,161.9
2026-02-20,161.6
2026-02-23,162.0
2026-02-24,163.1
2026-02-25,164.4
2026-02-26,165.0
2026-02-27,165.4
2026-03-02,165.7
2026-03-03,166.0
2026-03-04,169.3
2026-03-05,173.7
2026-03-06,185.6
2026-03-09,199.0
2026-03-10,220.2
2026-03-11,227.7
2026-03-12,243.3
2026-03-13,249.1
2026-03-16,259.9
2026-03-17,266.2
2026-03-18,271.7
2026-03-19,277.9
2026-03-20,282.4
2026-03-24,295.63
2026-03-25,303.65
2026-03-26,309.72
2026-03-27,311.09
2026-03-30,311.49
2026-03-31,309.73
2026-04-01,291.28
2026-04-02,294.8
2026-04-03,299.91
2026-04-06,301.97
2026-04-07,302.12
2026-04-08,321.62
2026-04-09,326.73
2026-04-10,320.39
2026-04-13,306.17
2026-04-14,297.6
2026-04-15,286.64
